frame,time_s,ball_cam_x,ball_cam_y,ball_x_m,ball_y_m
0,0.0,,,3.583,-12.655
1,0.042,855.3,561.9,3.583,-12.655
2,0.083,855.0,561.0,3.583,-12.655
3,0.125,855.0,552.0,3.584,-12.655
4,0.167,853.6,525.2,3.584,-12.655
5,0.208,855.0,528.0,3.585,-12.655
6,0.25,852.0,513.0,3.593,-12.655
7,0.292,852.0,507.0,3.594,-12.655
8,0.333,852.0,495.0,3.594,-12.655
9,0.375,852.0,486.0,3.588,-12.655
10,0.417,849.0,474.0,3.596,-12.655
11,0.458,849.0,468.0,3.597,-12.655
12,0.5,849.0,459.0,3.605,-12.655
13,0.542,849.0,450.0,3.606,-12.655
14,0.583,846.0,441.0,3.609,-12.655
15,0.625,846.0,435.0,3.611,-12.655
16,0.667,846.0,426.0,3.606,-12.655
17,0.708,846.0,423.0,3.606,-12.655
18,0.75,846.0,417.0,3.601,-12.655
19,0.792,846.0,411.0,3.601,-12.655
20,0.833,846.0,405.0,3.594,-12.655
21,0.875,843.0,402.0,3.586,-12.655
22,0.917,843.0,399.0,3.575,-12.655
23,0.958,843.0,396.0,3.558,-12.655
24,1.0,843.0,393.0,3.535,-12.655
25,1.042,843.0,390.0,3.506,-12.655
26,1.083,843.0,387.0,3.482,-12.655
27,1.125,840.0,384.0,3.458,-12.655
28,1.167,840.0,387.0,3.445,-12.655
29,1.208,837.0,381.0,3.431,-12.655
30,1.25,837.2,383.1,3.41,-12.655
31,1.292,836.9,383.4,3.383,-12.655
32,1.333,837.0,381.0,3.358,-12.655
33,1.375,840.0,384.0,3.339,-12.655
34,1.417,837.0,384.0,3.328,-12.655
35,1.458,837.0,387.0,3.321,-12.655
36,1.5,837.0,390.0,3.321,-12.655
37,1.542,837.0,393.0,3.321,-12.655
38,1.583,834.0,396.0,3.319,-12.655
39,1.625,834.0,399.0,3.318,-12.655
40,1.667,834.0,405.0,3.315,-12.655
41,1.708,834.0,408.0,3.314,-12.655
42,1.75,834.0,414.0,3.312,-12.655
43,1.792,834.0,420.0,3.312,-12.655
44,1.833,831.0,423.0,3.318,-12.655
45,1.875,831.0,435.0,3.312,-12.655
46,1.917,831.0,438.0,3.304,-12.655
47,1.958,873.7,455.9,3.283,-12.655
48,2.0,916.3,473.8,3.279,-12.655
49,2.042,916.5,473.8,3.271,-12.655
50,2.083,911.2,436.4,3.274,-12.642
51,2.125,906.0,399.0,3.271,-12.616
52,2.167,919.5,390.0,3.273,-12.569
53,2.208,933.0,381.0,3.267,-12.493
54,2.25,945.0,375.0,3.262,-12.408
55,2.292,954.0,370.5,3.253,-12.37
56,2.333,963.0,366.0,3.248,-12.372
57,2.375,978.0,366.0,3.243,-12.379
58,2.417,984.0,363.0,3.241,-12.346
59,2.458,990.0,360.0,3.233,-12.319
60,2.5,996.0,357.0,3.205,-12.317
61,2.542,1002.0,357.0,3.172,-12.322
62,2.583,1008.0,357.0,3.14,-12.328
63,2.625,1011.0,354.0,3.123,-12.313
64,2.667,1017.0,357.0,3.106,-12.309
65,2.708,1020.0,357.0,3.083,-12.288
66,2.75,1023.0,348.0,3.061,-12.29
67,2.792,1026.0,333.0,3.029,-12.305
68,2.833,1029.0,315.0,2.992,-12.32
69,2.875,1032.0,303.0,2.947,-12.318
70,2.917,1035.0,285.0,2.918,-12.291
71,2.958,1035.0,270.0,2.895,-12.263
72,3.0,1038.0,258.0,2.878,-12.255
73,3.042,1038.0,249.0,2.828,-12.243
74,3.083,1042.5,223.9,2.76,-12.221
75,3.125,1041.0,222.0,2.677,-12.221
76,3.167,1044.0,213.0,2.69,-12.238
77,3.208,1047.0,207.0,2.721,-12.284
78,3.25,1047.0,198.0,2.754,-12.26
79,3.292,1047.0,201.0,2.699,-12.266
80,3.333,1047.3,176.9,2.628,-12.296
81,3.375,1047.0,171.0,2.563,-12.322
82,3.417,1044.0,177.0,2.519,-12.318
83,3.458,1041.0,183.0,2.186,-12.407
84,3.5,1038.0,186.0,1.846,-12.367
85,3.542,1032.0,192.0,1.489,-12.158
86,3.583,1029.0,195.0,1.424,-11.661
87,3.625,1023.0,201.0,1.36,-11.165
88,3.667,1011.2,208.9,1.296,-10.668
89,3.708,1005.3,216.3,1.231,-10.171
90,3.75,999.4,223.6,1.167,-9.675
91,3.792,993.4,230.9,1.103,-9.178
92,3.833,,,1.038,-8.681
93,3.875,,,0.974,-8.185
94,3.917,,,0.91,-7.688
95,3.958,969.8,260.2,0.846,-7.191
96,4.0,972.0,264.0,0.781,-6.695
97,4.042,966.0,273.0,0.717,-6.198
98,4.083,960.0,279.0,0.653,-5.701
99,4.125,954.0,291.0,0.588,-5.205
100,4.167,942.0,303.0,0.524,-4.708
101,4.208,936.0,312.0,0.46,-4.211
102,4.25,924.2,341.8,0.395,-3.715
103,4.292,920.1,350.9,0.331,-3.218
104,4.333,916.1,359.9,0.267,-2.721
105,4.375,912.0,369.0,0.202,-2.225
106,4.417,906.0,375.0,0.138,-1.728
107,4.458,900.0,387.0,0.074,-1.231
108,4.5,894.0,405.0,0.009,-0.735
109,4.542,885.0,420.0,-0.055,-0.238
110,4.583,879.0,432.0,-0.119,0.259
111,4.625,870.0,450.0,-0.184,0.755
112,4.667,861.0,468.0,-0.248,1.252
113,4.708,852.0,489.0,-0.312,1.749
114,4.75,846.0,504.0,-0.377,2.245
115,4.792,834.0,525.0,-0.441,2.742
116,4.833,831.0,549.0,-0.505,3.239
117,4.875,822.7,557.3,-0.569,3.735
118,4.917,814.3,565.7,-0.634,4.232
119,4.958,806.0,574.0,-0.698,4.729
120,5.0,,,-0.762,5.225
121,5.042,,,-0.827,5.722
122,5.083,,,-0.891,6.219
123,5.125,,,-0.955,6.715
124,5.167,,,-1.02,7.212
125,5.208,,,-1.084,7.709
126,5.25,,,-1.148,8.205
127,5.292,,,-1.213,8.702
128,5.333,,,-1.277,9.199
129,5.375,722.5,657.2,-1.341,9.695
130,5.417,720.0,660.0,-1.406,10.192
131,5.458,714.0,666.0,-1.47,10.689
132,5.5,711.0,666.0,-1.534,11.185
133,5.542,702.0,675.0,-1.577,11.517
134,5.583,696.0,678.0,-1.619,11.629
135,5.625,709.0,647.4,-1.659,11.522
136,5.667,722.0,616.8,-1.72,11.363
137,5.708,735.0,586.2,-1.781,11.203
138,5.75,748.0,555.7,-1.841,11.044
139,5.792,756.5,535.3,-1.902,10.884
140,5.833,756.0,540.0,-1.962,10.725
141,5.875,765.0,519.0,-2.023,10.565
142,5.917,771.0,507.0,-2.084,10.406
143,5.958,780.0,486.0,-2.144,10.246
144,6.0,789.0,471.0,-2.205,10.086
145,6.042,798.0,456.0,-2.266,9.927
146,6.083,801.0,441.0,-2.326,9.767
147,6.125,813.0,426.0,-2.387,9.608
148,6.167,819.0,417.0,-2.448,9.448
149,6.208,825.0,405.0,-2.508,9.289
150,6.25,831.0,393.0,-2.569,9.129
151,6.292,840.0,381.0,-2.63,8.969
152,6.333,846.0,372.0,-2.69,8.81
153,6.375,849.0,366.0,-2.751,8.65
154,6.417,858.0,354.0,-2.812,8.491
155,6.458,861.0,348.0,-2.872,8.331
156,6.5,867.0,342.0,-2.933,8.172
157,6.542,870.0,336.0,-2.994,8.012
158,6.583,876.0,327.0,-3.054,7.852
159,6.625,882.0,324.0,-3.115,7.693
160,6.667,885.0,321.0,-3.175,7.533
161,6.708,891.0,315.0,-3.236,7.374
162,6.75,894.0,312.0,-3.297,7.214
163,6.792,900.0,309.0,-3.357,7.055
164,6.833,903.0,306.0,-3.418,6.895
165,6.875,906.0,306.0,-3.479,6.735
166,6.917,912.0,303.0,-3.539,6.576
167,6.958,915.0,303.0,-3.6,6.416
168,7.0,918.0,300.0,-3.661,6.257
169,7.042,921.0,303.0,-3.721,6.097
170,7.083,924.0,300.0,-3.782,5.938
171,7.125,927.0,300.0,-3.843,5.778
172,7.167,930.0,300.0,-3.903,5.618
173,7.208,933.0,300.0,-3.964,5.459
174,7.25,933.0,300.0,-4.025,5.299
175,7.292,939.0,303.0,-4.085,5.14
176,7.333,942.0,303.0,-4.146,4.98
177,7.375,942.0,303.0,-4.206,4.821
178,7.417,948.0,306.0,-4.267,4.661
179,7.458,948.0,309.0,-4.328,4.501
180,7.5,951.0,312.0,-4.388,4.342
181,7.542,954.0,315.0,-4.449,4.182
182,7.583,957.0,318.0,-4.51,4.023
183,7.625,957.0,321.0,-4.57,3.863
184,7.667,957.0,324.0,-4.631,3.704
185,7.708,963.0,318.0,-4.692,3.544
186,7.75,966.0,309.0,-4.752,3.384
187,7.792,966.0,303.0,-4.813,3.225
188,7.833,969.0,294.0,-4.874,3.065
189,7.875,972.0,285.0,-4.934,2.906
190,7.917,975.0,279.0,-4.995,2.746
191,7.958,978.0,270.0,-5.056,2.587
192,8.0,978.0,264.0,-5.116,2.427
193,8.042,981.0,258.0,-5.177,2.267
194,8.083,984.0,249.0,-5.238,2.108
195,8.125,984.0,246.0,-5.298,1.948
196,8.167,987.0,240.0,-5.359,1.789
197,8.208,990.0,234.0,-5.419,1.629
198,8.25,990.0,228.0,-5.48,1.47
199,8.292,993.0,228.0,-5.541,1.31
200,8.333,996.0,222.0,-5.601,1.15
201,8.375,996.0,219.0,-5.662,0.991
202,8.417,996.0,216.0,-5.723,0.831
203,8.458,999.0,210.0,-5.783,0.672
204,8.5,999.0,207.0,-5.844,0.512
205,8.542,1002.0,204.0,-5.905,0.353
206,8.583,1005.0,204.0,-5.965,0.193
207,8.625,1008.0,204.0,-6.026,0.033
208,8.667,1005.0,201.0,-6.087,-0.126
209,8.708,1011.0,201.0,-6.147,-0.286
210,8.75,1011.0,198.0,-6.188,-0.392
211,8.792,1014.0,198.0,-6.189,-0.361
212,8.833,1004.6,205.1,-6.151,-0.193
213,8.875,995.2,212.2,-6.095,0.059
214,8.917,985.9,219.4,-6.038,0.311
215,8.958,,,-5.982,0.562
216,9.0,,,-5.925,0.814
217,9.042,,,-5.869,1.066
218,9.083,,,-5.812,1.318
219,9.125,939.0,255.0,-5.756,1.57
220,9.167,933.0,264.0,-5.7,1.822
221,9.208,921.0,279.0,-5.643,2.074
222,9.25,909.0,291.0,-5.587,2.326
223,9.292,900.0,303.0,-5.53,2.578
224,9.333,888.0,315.0,-5.474,2.83
225,9.375,878.0,329.0,-5.417,3.082
226,9.417,868.0,343.0,-5.361,3.334
227,9.458,858.0,357.0,-5.304,3.586
228,9.5,846.0,375.0,-5.248,3.837
229,9.542,834.0,387.0,-5.191,4.089
230,9.583,822.0,411.0,-5.135,4.341
231,9.625,810.0,426.0,-5.078,4.593
232,9.667,798.0,447.0,-5.022,4.845
233,9.708,786.0,465.0,-4.965,5.097
234,9.75,768.0,492.0,-4.909,5.349
235,9.792,759.0,513.0,-4.852,5.601
236,9.833,747.0,537.0,-4.796,5.853
237,9.875,732.0,558.0,-4.739,6.105
238,9.917,717.0,588.0,-4.683,6.357
239,9.958,705.0,603.0,-4.626,6.609
240,10.0,696.0,603.0,-4.57,6.861
241,10.042,681.0,609.0,-4.513,7.112
242,10.083,672.0,615.0,-4.457,7.364
243,10.125,663.0,618.0,-4.4,7.616
244,10.167,648.0,627.0,-4.344,7.868
245,10.208,639.0,633.0,-4.287,8.12
246,10.25,624.0,639.0,-4.231,8.372
247,10.292,615.0,648.0,-4.174,8.624
248,10.333,600.0,657.0,-4.118,8.876
249,10.375,591.0,663.0,-4.061,9.128
250,10.417,576.0,675.0,-4.005,9.38
251,10.458,567.0,684.0,-3.948,9.632
252,10.5,549.0,702.0,-3.892,9.884
253,10.542,537.0,714.0,-3.835,10.136
254,10.583,522.0,729.0,-3.779,10.387
255,10.625,508.0,744.0,-3.722,10.639
256,10.667,494.0,759.0,-3.666,10.891
257,10.708,480.0,774.0,-3.609,11.143
258,10.75,462.0,792.0,-3.553,11.395
259,10.792,450.0,807.0,-3.496,11.647
260,10.833,432.0,831.0,-3.44,11.899
261,10.875,421.3,836.2,-3.383,12.151
262,10.917,410.7,841.5,-3.346,12.319
263,10.958,430.6,795.7,-3.337,12.359
264,11.0,450.5,749.8,-3.357,12.271
265,11.042,461.9,722.9,-3.386,12.14
266,11.083,456.0,741.0,-3.416,12.009
267,11.125,471.0,702.0,-3.446,11.877
268,11.167,486.0,669.0,-3.475,11.746
269,11.208,501.0,636.0,-3.505,11.615
270,11.25,516.0,603.0,-3.535,11.483
271,11.292,531.0,573.0,-3.565,11.352
272,11.333,543.0,543.0,-3.594,11.22
273,11.375,555.0,516.0,-3.624,11.089
274,11.417,567.0,486.0,-3.654,10.958
275,11.458,579.0,462.0,-3.683,10.826
276,11.5,591.0,435.0,-3.713,10.695
277,11.542,603.0,417.0,-3.743,10.563
278,11.583,612.0,393.0,-3.773,10.432
279,11.625,621.0,369.0,-3.802,10.301
280,11.667,646.2,321.7,-3.832,10.169
281,11.708,645.0,324.0,-3.862,10.038
282,11.75,654.0,309.0,-3.891,9.906
283,11.792,666.0,285.0,-3.921,9.775
284,11.833,672.0,267.0,-3.951,9.644
285,11.875,681.0,252.6,-3.981,9.512
286,11.917,690.0,238.1,-4.01,9.381
287,11.958,698.9,223.7,-4.04,9.249
288,12.0,,,-4.07,9.118
289,12.042,,,-4.099,8.987
290,12.083,,,-4.129,8.855
291,12.125,,,-4.159,8.724
292,12.167,,,-4.189,8.593
293,12.208,,,-4.218,8.461
294,12.25,761.8,122.5,-4.248,8.33
295,12.292,767.9,113.5,-4.278,8.198
296,12.333,774.2,104.8,-4.307,8.067
297,12.375,778.9,97.3,-4.337,7.936
298,12.417,783.2,85.6,-4.367,7.804
299,12.458,787.4,74.3,-4.397,7.673
300,12.5,791.7,63.5,-4.426,7.541
301,12.542,795.9,53.1,-4.456,7.41
302,12.583,800.2,43.3,-4.486,7.279
303,12.625,804.5,33.9,-4.515,7.147
304,12.667,808.7,25.0,-4.545,7.016
305,12.708,813.0,16.6,-4.575,6.884
306,12.75,817.2,8.6,-4.605,6.753
307,12.792,821.5,1.1,-4.634,6.622
308,12.833,825.8,-5.9,-4.664,6.49
309,12.875,830.0,-12.4,-4.694,6.359
310,12.917,834.3,-18.4,-4.723,6.228
311,12.958,838.5,-24.0,-4.753,6.096
312,13.0,842.8,-29.1,-4.783,5.965
313,13.042,847.0,-33.7,-4.813,5.833
314,13.083,851.3,-37.9,-4.842,5.702
315,13.125,855.6,-41.5,-4.872,5.571
316,13.167,859.8,-44.7,-4.902,5.439
317,13.208,864.1,-47.5,-4.931,5.308
318,13.25,868.3,-49.7,-4.961,5.176
319,13.292,872.6,-51.5,-4.991,5.045
320,13.333,876.8,-52.7,-5.021,4.914
321,13.375,881.1,-53.6,-5.05,4.782
322,13.417,885.4,-53.9,-5.08,4.651
323,13.458,889.6,-53.8,-5.11,4.519
324,13.5,893.9,-53.1,-5.139,4.388
325,13.542,898.1,-52.1,-5.169,4.257
326,13.583,902.4,-50.5,-5.199,4.125
327,13.625,906.6,-48.4,-5.229,3.994
328,13.667,910.9,-45.9,-5.258,3.862
329,13.708,915.2,-42.9,-5.288,3.731
330,13.75,919.4,-39.5,-5.318,3.6
331,13.792,923.7,-35.5,-5.347,3.468
332,13.833,927.9,-31.1,-5.377,3.337
333,13.875,932.2,-26.2,-5.407,3.206
334,13.917,936.4,-20.8,-5.437,3.074
335,13.958,940.7,-15.0,-5.466,2.943
336,14.0,945.0,-8.6,-5.496,2.811
337,14.042,949.2,-1.8,-5.526,2.68
338,14.083,953.5,5.5,-5.555,2.549
339,14.125,957.7,13.2,-5.585,2.417
340,14.167,962.0,21.4,-5.615,2.286
341,14.208,966.2,30.1,-5.645,2.154
342,14.25,970.5,39.3,-5.674,2.023
343,14.292,974.8,49.0,-5.704,1.892
344,14.333,979.0,59.1,-5.734,1.76
345,14.375,983.3,69.7,-5.763,1.629
346,14.417,987.5,80.8,-5.793,1.497
347,14.458,991.8,92.4,-5.823,1.366
348,14.5,996.1,104.4,-5.853,1.235
349,14.542,1000.3,116.9,-5.882,1.103
350,14.583,1004.6,129.9,-5.912,0.972
351,14.625,1008.8,143.4,-5.942,0.84
352,14.667,1013.1,157.3,-5.971,0.709
353,14.708,1017.3,171.8,-6.001,0.578
354,14.75,1024.3,193.0,-6.031,0.446
355,14.792,1031.3,214.3,-6.061,0.315
356,14.833,1038.2,235.5,-6.09,0.184
357,14.875,1045.2,256.8,-6.12,0.052
358,14.917,1052.2,278.0,-6.15,-0.079
359,14.958,1059.1,299.3,-6.179,-0.211
360,15.0,1066.1,320.5,-6.209,-0.342
361,15.042,1073.0,341.8,-6.229,-0.43
362,15.083,1080.0,363.0,-6.156,-0.348
363,15.125,1086.0,411.0,-5.989,-0.098
364,15.167,1092.0,436.5,-5.74,0.277
365,15.208,1098.0,462.0,-5.49,0.652
366,15.25,1107.0,498.0,-5.241,1.027
367,15.292,1119.0,543.0,-4.991,1.402
368,15.333,1125.0,540.0,-4.742,1.777
369,15.375,1131.0,540.0,-4.492,2.152
370,15.417,1143.0,543.0,-4.242,2.527
371,15.458,1150.5,544.5,-3.993,2.902
372,15.5,1158.0,546.0,-3.743,3.277
373,15.542,1167.0,549.0,-3.494,3.653
374,15.583,1173.0,552.0,-3.244,4.028
375,15.625,1182.0,555.0,-2.995,4.403
376,15.667,1191.0,561.0,-2.745,4.778
377,15.708,1200.0,564.0,-2.496,5.153
378,15.75,1209.0,573.0,-2.246,5.528
379,15.792,1221.0,579.0,-1.996,5.903
380,15.833,1230.0,588.0,-1.747,6.278
381,15.875,1242.0,597.0,-1.497,6.653
382,15.917,1251.0,606.0,-1.248,7.028
383,15.958,1260.0,615.0,-0.998,7.404
384,16.0,1272.0,630.0,-0.749,7.779
385,16.042,1284.0,642.0,-0.499,8.154
386,16.083,1296.0,657.0,-0.25,8.529
387,16.125,1308.0,672.0,-0.0,8.904
388,16.167,1320.0,687.0,0.249,9.279
389,16.208,1332.0,708.0,0.499,9.654
390,16.25,1347.0,726.0,0.749,10.029
391,16.292,1362.0,747.0,0.998,10.404
392,16.333,1374.0,771.0,1.248,10.779
393,16.375,1392.0,795.0,1.497,11.154
394,16.417,1429.5,853.1,1.747,11.53
395,16.458,1422.0,843.0,1.996,11.905
396,16.5,1423.0,819.3,2.163,12.155
397,16.542,1424.0,795.7,2.225,12.247
398,16.583,1425.0,772.0,2.182,12.183
399,16.625,,,2.118,12.086
400,16.667,,,2.054,11.989
401,16.708,,,1.99,11.892
402,16.75,,,1.926,11.795
403,16.792,,,1.862,11.698
404,16.833,1431.0,630.0,1.798,11.602
405,16.875,1422.0,582.0,1.734,11.505
406,16.917,1418.5,534.4,1.67,11.408
407,16.958,1415.0,487.4,1.606,11.311
408,17.0,1411.6,441.2,1.542,11.214
409,17.042,1408.1,395.7,1.478,11.117
410,17.083,1404.6,350.9,1.414,11.02
411,17.125,1401.1,306.8,1.35,10.923
412,17.167,1397.7,263.4,1.286,10.827
413,17.208,1394.2,220.8,1.222,10.73
414,17.25,1390.7,178.8,1.158,10.633
415,17.292,1387.2,137.6,1.094,10.536
416,17.333,1383.8,97.1,1.03,10.439
417,17.375,1380.3,57.3,0.966,10.342
418,17.417,1376.8,18.2,0.902,10.245
419,17.458,1373.3,-20.2,0.838,10.148
420,17.5,1369.8,-57.9,0.773,10.052
421,17.542,1366.4,-94.8,0.709,9.955
422,17.583,1362.9,-131.1,0.645,9.858
423,17.625,1359.4,-166.6,0.581,9.761
424,17.667,1355.9,-201.4,0.517,9.664
425,17.708,1352.5,-235.6,0.453,9.567
426,17.75,1349.0,-269.0,0.389,9.47
427,17.792,1345.5,-301.6,0.325,9.373
428,17.833,1342.0,-333.6,0.261,9.277
429,17.875,1338.6,-364.9,0.197,9.18
430,17.917,1335.1,-395.4,0.133,9.083
431,17.958,1331.6,-425.3,0.069,8.986
432,18.0,1328.1,-454.4,0.005,8.889
433,18.042,1324.6,-482.8,-0.059,8.792
434,18.083,1321.2,-510.5,-0.123,8.695
435,18.125,1317.7,-537.5,-0.187,8.598
436,18.167,1314.2,-563.8,-0.251,8.502
437,18.208,1310.7,-589.3,-0.315,8.405
438,18.25,1307.3,-614.2,-0.379,8.308
439,18.292,1303.8,-638.3,-0.443,8.211
440,18.333,1300.3,-661.8,-0.507,8.114
441,18.375,1296.8,-684.5,-0.571,8.017
442,18.417,1293.4,-706.5,-0.635,7.92
443,18.458,1289.9,-727.8,-0.699,7.823
444,18.5,1286.4,-748.4,-0.763,7.727
445,18.542,1282.9,-768.2,-0.827,7.63
446,18.583,1279.5,-787.4,-0.891,7.533
447,18.625,1276.0,-805.8,-0.955,7.436
448,18.667,1272.5,-823.5,-1.019,7.339
449,18.708,1269.0,-840.6,-1.083,7.242
450,18.75,1265.5,-856.9,-1.147,7.145
451,18.792,1262.1,-872.5,-1.211,7.048
452,18.833,1258.6,-887.3,-1.275,6.952
453,18.875,1255.1,-901.5,-1.339,6.855
454,18.917,1251.6,-915.0,-1.403,6.758
455,18.958,1248.2,-927.7,-1.467,6.661
456,19.0,1244.7,-939.8,-1.531,6.564
457,19.042,1241.2,-951.1,-1.595,6.467
458,19.083,1237.7,-961.7,-1.659,6.37
459,19.125,1234.3,-971.6,-1.723,6.273
460,19.167,1230.8,-980.8,-1.787,6.177
461,19.208,1227.3,-989.2,-1.851,6.08
462,19.25,1223.8,-997.0,-1.915,5.983
463,19.292,1220.3,-1004.0,-1.979,5.886
464,19.333,1216.9,-1010.4,-2.043,5.789
465,19.375,1213.4,-1016.0,-2.107,5.692
466,19.417,1209.9,-1020.9,-2.171,5.595
467,19.458,1206.4,-1025.1,-2.235,5.498
468,19.5,1203.0,-1028.6,-2.299,5.402
469,19.542,1199.5,-1031.4,-2.363,5.305
470,19.583,1196.0,-1033.4,-2.427,5.208
471,19.625,1192.5,-1034.8,-2.491,5.111
472,19.667,1189.1,-1035.4,-2.555,5.014
473,19.708,1185.6,-1035.3,-2.62,4.917
474,19.75,1182.1,-1034.5,-2.684,4.82
475,19.792,1178.6,-1033.0,-2.748,4.723
476,19.833,1175.1,-1030.8,-2.812,4.626
477,19.875,1171.7,-1027.9,-2.876,4.53
478,19.917,1168.2,-1024.3,-2.94,4.433
479,19.958,1164.7,-1019.9,-3.004,4.336
480,20.0,1161.2,-1014.9,-3.068,4.239
481,20.042,1157.8,-1009.1,-3.132,4.142
482,20.083,1154.3,-1002.6,-3.196,4.045
483,20.125,1150.8,-995.4,-3.26,3.948
484,20.167,1147.3,-987.5,-3.324,3.851
485,20.208,1143.9,-978.9,-3.388,3.755
486,20.25,1140.4,-969.5,-3.452,3.658
487,20.292,1136.9,-959.5,-3.516,3.561
488,20.333,1133.4,-948.7,-3.58,3.464
489,20.375,1129.9,-937.3,-3.644,3.367
490,20.417,1126.5,-925.1,-3.708,3.27
491,20.458,1123.0,-912.2,-3.772,3.173
492,20.5,1119.5,-898.6,-3.836,3.076
493,20.542,1116.0,-884.3,-3.9,2.98
494,20.583,1112.6,-869.2,-3.964,2.883
495,20.625,1109.1,-853.5,-4.028,2.786
496,20.667,1105.6,-837.0,-4.092,2.689
497,20.708,1102.1,-819.9,-4.156,2.592
498,20.75,1098.7,-802.0,-4.22,2.495
499,20.792,1095.2,-783.4,-4.284,2.398
500,20.833,1091.7,-764.1,-4.348,2.301
501,20.875,1088.2,-744.1,-4.412,2.205
502,20.917,1084.8,-723.3,-4.476,2.108
503,20.958,1081.3,-701.9,-4.54,2.011
504,21.0,1077.8,-679.7,-4.604,1.914
505,21.042,1074.3,-656.9,-4.668,1.817
506,21.083,1070.8,-633.3,-4.732,1.72
507,21.125,1067.4,-609.0,-4.796,1.623
508,21.167,1063.9,-584.0,-4.86,1.526
509,21.208,1060.4,-558.3,-4.924,1.43
510,21.25,1056.9,-531.9,-4.988,1.333
511,21.292,1053.5,-504.7,-5.052,1.236
512,21.333,1050.0,-476.9,-5.116,1.139
513,21.375,1046.5,-448.3,-5.18,1.042
514,21.417,1043.0,-419.0,-5.244,0.945
515,21.458,1039.6,-389.0,-5.308,0.848
516,21.5,1036.1,-358.3,-5.372,0.751
517,21.542,1032.6,-326.9,-5.436,0.655
518,21.583,1029.1,-294.8,-5.5,0.558
519,21.625,1025.6,-262.0,-5.564,0.461
520,21.667,1022.2,-228.4,-5.628,0.364
521,21.708,1018.7,-194.1,-5.692,0.267
522,21.75,1015.2,-159.2,-5.756,0.17
523,21.792,1011.7,-123.5,-5.82,0.073
524,21.833,1008.3,-87.1,-5.884,-0.024
525,21.875,1004.8,-50.0,-5.948,-0.12
526,21.917,1001.3,-12.2,-6.012,-0.217
527,21.958,997.8,26.4,-6.077,-0.314
528,22.0,994.4,65.6,-6.141,-0.411
529,22.042,990.9,105.6,-6.183,-0.476
530,22.083,987.4,146.3,-6.205,-0.467
531,22.125,967.7,172.7,-6.205,-0.386
532,22.167,948.0,199.1,-6.205,-0.265
533,22.208,928.3,225.5,-6.205,-0.144
534,22.25,908.6,251.9,-6.205,-0.022
535,22.292,888.8,278.3,-6.205,0.099
536,22.333,869.1,304.8,-6.205,0.221
537,22.375,849.4,331.2,-6.205,0.342
538,22.417,829.7,357.6,-6.205,0.464
539,22.458,810.0,384.0,-6.205,0.585
540,22.5,792.0,411.0,-6.205,0.706
541,22.542,,,-6.205,0.828
542,22.583,765.0,462.0,-6.205,0.949
543,22.625,747.0,495.0,-6.205,1.071
544,22.667,729.0,525.0,-6.205,1.192
545,22.708,711.0,552.0,-6.205,1.314
546,22.75,690.0,597.0,-6.205,1.435
547,22.792,681.0,594.0,-6.205,1.556
548,22.833,666.0,600.0,-6.205,1.678
549,22.875,648.0,600.0,-6.205,1.799
550,22.917,618.3,608.3,-6.205,1.921
551,22.958,624.0,603.0,-6.205,2.042
552,23.0,609.0,612.0,-6.205,2.164
553,23.042,597.0,615.0,-6.205,2.285
554,23.083,562.7,627.8,-6.205,2.406
555,23.125,537.1,641.0,-6.205,2.528
556,23.167,526.3,648.4,-6.205,2.649
557,23.208,513.0,655.2,-6.205,2.771
558,23.25,513.0,657.0,-6.205,2.892
559,23.292,501.0,663.0,-6.205,3.014
560,23.333,483.0,675.0,-6.205,3.135
561,23.375,468.0,684.0,-6.205,3.257
562,23.417,450.0,702.0,-6.205,3.378
563,23.458,432.0,711.0,-6.205,3.499
564,23.5,414.0,726.0,-6.205,3.621
565,23.542,399.0,744.0,-6.205,3.742
566,23.583,378.0,759.0,-6.205,3.864
567,23.625,360.0,777.0,-6.205,3.985
568,23.667,339.0,795.0,-6.205,4.107
569,23.708,318.0,816.0,-6.205,4.228
570,23.75,300.0,837.0,-6.205,4.349
571,23.792,279.0,858.0,-6.205,4.471
572,23.833,275.4,859.7,-6.205,4.592
573,23.875,271.7,861.4,-6.205,4.714
574,23.917,268.1,863.1,-6.205,4.835
575,23.958,,,-6.205,4.957
576,24.0,,,-6.205,5.078
577,24.042,,,-6.205,5.199
578,24.083,,,-6.205,5.321
579,24.125,,,-6.205,5.442
580,24.167,,,-6.205,5.564
581,24.208,,,-6.205,5.685
582,24.25,,,-6.205,5.807
583,24.292,,,-6.205,5.928
584,24.333,,,-6.205,6.049
585,24.375,,,-6.205,6.171
586,24.417,,,-6.205,6.292
587,24.458,,,-6.205,6.414
588,24.5,,,-6.205,6.535
589,24.542,,,-6.205,6.657
590,24.583,,,-6.205,6.778
591,24.625,,,-6.205,6.9
592,24.667,,,-6.205,7.021
593,24.708,,,-6.205,7.142
594,24.75,,,-6.205,7.264
595,24.792,,,-6.205,7.385
596,24.833,,,-6.205,7.507
597,24.875,,,-6.205,7.628
598,24.917,,,-6.205,7.75
599,24.958,,,-6.205,7.871
600,25.0,,,-6.205,7.992
601,25.042,,,-6.205,8.114
602,25.083,,,-6.205,8.235
603,25.125,,,-6.205,8.357
604,25.167,,,-6.205,8.478
605,25.208,,,-6.205,8.6
606,25.25,,,-6.205,8.721
607,25.292,,,-6.205,8.842
608,25.333,,,-6.205,8.964
609,25.375,,,-6.205,9.085
610,25.417,,,-6.205,9.207
611,25.458,,,-6.205,9.328
612,25.5,,,-6.205,9.45
613,25.542,126.0,930.0,-6.205,9.571
614,25.583,126.0,915.0,-6.205,9.692
615,25.625,126.0,915.0,-6.205,9.753
