frame,time_s,p1_x_m,p1_y_m,p1_speed_kmh,p1_zone,p2_x_m,p2_y_m,p2_speed_kmh,p2_zone
0,0.0,-1.325,12.202,1.03,Baseline (Day san),3.583,-12.655,0.0,Baseline (Day san)
1,0.042,-1.334,12.207,0.77,Baseline (Day san),3.583,-12.655,0.0,Baseline (Day san)
2,0.083,-1.37,12.205,0.62,Baseline (Day san),3.583,-12.655,0.0,Baseline (Day san)
3,0.125,-1.388,12.205,0.62,Baseline (Day san),3.584,-12.655,0.0,Baseline (Day san)
4,0.167,-1.39,12.206,0.62,Baseline (Day san),3.584,-12.655,0.0,Baseline (Day san)
5,0.208,-1.383,12.215,0.0,Baseline (Day san),3.585,-12.655,0.36,Baseline (Day san)
6,0.25,-1.385,12.219,0.0,Baseline (Day san),3.586,-12.655,0.36,Baseline (Day san)
7,0.292,-1.386,12.22,0.0,Baseline (Day san),3.607,-12.655,0.36,Baseline (Day san)
8,0.333,-1.397,12.221,0.0,Baseline (Day san),3.587,-12.655,0.36,Baseline (Day san)
9,0.375,-1.407,12.222,0.0,Baseline (Day san),3.588,-12.655,0.73,Baseline (Day san)
10,0.417,-1.409,12.228,0.0,Baseline (Day san),3.589,-12.655,0.37,Baseline (Day san)
11,0.458,-1.411,12.237,0.0,Baseline (Day san),3.61,-12.655,0.74,Baseline (Day san)
12,0.5,-1.397,12.239,0.0,Baseline (Day san),3.591,-12.655,0.74,Baseline (Day san)
13,0.542,-1.4,12.241,0.0,Baseline (Day san),3.612,-12.655,0.74,Baseline (Day san)
14,0.583,-1.395,12.248,0.39,Baseline (Day san),3.615,-12.655,0.37,Baseline (Day san)
15,0.625,-1.381,12.256,0.81,Baseline (Day san),3.601,-12.655,0.37,Baseline (Day san)
16,0.667,-1.358,12.252,1.2,Baseline (Day san),3.617,-12.655,0.0,Baseline (Day san)
17,0.708,-1.335,12.259,1.79,Baseline (Day san),3.6,-12.655,0.0,Baseline (Day san)
18,0.75,-1.312,12.258,2.46,Baseline (Day san),3.602,-12.655,0.0,Baseline (Day san)
19,0.792,-1.291,12.231,2.88,Baseline (Day san),3.602,-12.655,0.0,Baseline (Day san)
20,0.833,-1.27,12.199,2.93,Baseline (Day san),3.599,-12.655,0.0,Baseline (Day san)
21,0.875,-1.24,12.163,3.08,Baseline (Day san),3.58,-12.655,0.0,Baseline (Day san)
22,0.917,-1.226,12.14,3.93,Baseline (Day san),3.58,-12.655,0.59,Baseline (Day san)
23,0.958,-1.22,12.109,3.92,Baseline (Day san),3.564,-12.655,0.59,Baseline (Day san)
24,1.0,-1.209,12.027,3.6,Baseline (Day san),3.529,-12.655,1.22,Baseline (Day san)
25,1.042,-1.212,11.988,3.13,Baseline (Day san),3.512,-12.655,1.22,Baseline (Day san)
26,1.083,-1.198,11.964,3.18,Baseline (Day san),3.475,-12.655,1.22,Baseline (Day san)
27,1.125,-1.192,11.961,1.75,Baseline (Day san),3.458,-12.655,0.63,Baseline (Day san)
28,1.167,-1.17,11.935,1.08,Baseline (Day san),3.44,-12.655,0.99,Baseline (Day san)
29,1.208,-1.155,11.933,0.59,Baseline (Day san),3.437,-12.655,1.04,Baseline (Day san)
30,1.25,-1.141,11.934,0.59,Baseline (Day san),3.417,-12.655,1.44,Baseline (Day san)
31,1.292,-1.127,11.937,0.36,Baseline (Day san),3.377,-12.655,1.44,Baseline (Day san)
32,1.333,-1.112,11.931,0.36,Baseline (Day san),3.354,-12.655,1.79,Baseline (Day san)
33,1.375,-1.096,11.945,0.36,Baseline (Day san),3.342,-12.655,1.44,Baseline (Day san)
34,1.417,-1.089,11.952,0.36,Baseline (Day san),3.322,-12.655,0.75,Baseline (Day san)
35,1.458,-1.099,11.961,1.0,Baseline (Day san),3.32,-12.655,0.36,Baseline (Day san)
36,1.5,-1.109,11.961,1.03,Baseline (Day san),3.323,-12.655,0.36,Baseline (Day san)
37,1.542,-1.144,11.951,1.03,Baseline (Day san),3.32,-12.655,0.0,Baseline (Day san)
38,1.583,-1.163,11.939,1.87,Baseline (Day san),3.32,-12.655,0.0,Baseline (Day san)
39,1.625,-1.175,11.932,3.79,Baseline (Day san),3.318,-12.655,0.0,Baseline (Day san)
40,1.667,-1.16,11.886,5.07,Baseline (Day san),3.315,-12.655,0.0,Baseline (Day san)
41,1.708,-1.138,11.777,7.31,Baseline (Day san),3.313,-12.655,0.0,Baseline (Day san)
42,1.75,-1.108,11.67,9.21,Baseline (Day san),3.312,-12.655,0.0,Baseline (Day san)
43,1.792,-1.08,11.52,10.34,Baseline (Day san),3.31,-12.655,0.0,Baseline (Day san)
44,1.833,-1.067,11.411,9.69,Baseline (Day san),3.312,-12.655,0.62,Baseline (Day san)
45,1.875,-1.053,11.298,8.49,Baseline (Day san),3.33,-12.655,0.62,Baseline (Day san)
46,1.917,-1.03,11.228,5.85,Baseline (Day san),3.294,-12.655,0.62,Baseline (Day san)
47,1.958,-1.031,11.187,3.96,Baseline (Day san),3.288,-12.655,0.62,Baseline (Day san)
48,2.0,-1.023,11.169,2.51,Baseline (Day san),3.268,-12.655,0.62,Baseline (Day san)
49,2.042,-1.015,11.157,1.85,Baseline (Day san),3.283,-12.655,0.69,Baseline (Day san)
50,2.083,-0.989,11.142,1.13,Baseline (Day san),3.263,-12.655,1.4,Baseline (Day san)
51,2.125,-1.024,11.14,2.75,Baseline (Day san),3.276,-12.617,2.49,Baseline (Day san)
52,2.167,-1.042,11.143,4.82,Baseline (Day san),3.273,-12.576,4.66,Baseline (Day san)
53,2.208,-1.097,11.067,7.85,Baseline (Day san),3.269,-12.513,5.77,Baseline (Day san)
54,2.25,-1.129,10.952,9.7,Baseline (Day san),3.26,-12.388,6.38,Baseline (Day san)
55,2.292,-1.155,10.748,12.88,Baseline (Day san),3.256,-12.324,5.68,Baseline (Day san)
56,2.333,-1.143,10.606,14.42,Baseline (Day san),3.244,-12.398,5.4,Baseline (Day san)
57,2.375,-1.126,10.79,13.03,Baseline (Day san),3.244,-12.392,4.03,Baseline (Day san)
58,2.417,-1.101,10.971,9.48,Baseline (Day san),3.241,-12.346,2.91,Baseline (Day san)
59,2.458,-1.082,11.006,7.03,Baseline (Day san),3.237,-12.3,2.84,Baseline (Day san)
60,2.5,-1.074,10.999,3.84,Baseline (Day san),3.221,-12.311,3.4,Baseline (Day san)
61,2.542,-1.064,10.996,0.68,Baseline (Day san),3.157,-12.341,2.96,Baseline (Day san)
62,2.583,-1.063,10.993,0.75,Baseline (Day san),3.139,-12.314,2.79,Baseline (Day san)
63,2.625,-1.079,10.992,1.12,Baseline (Day san),3.124,-12.329,2.79,Baseline (Day san)
64,2.667,-1.122,10.997,1.12,Baseline (Day san),3.105,-12.297,2.44,Baseline (Day san)
65,2.708,-1.138,11.012,1.52,Baseline (Day san),3.089,-12.301,2.6,Baseline (Day san)
66,2.75,-1.146,11.014,2.37,Baseline (Day san),3.054,-12.265,3.33,Baseline (Day san)
67,2.792,-1.146,10.99,3.03,Baseline (Day san),3.04,-12.304,3.8,Baseline (Day san)
68,2.833,-1.137,10.942,3.58,Baseline (Day san),2.993,-12.346,4.41,Baseline (Day san)
69,2.875,-1.104,10.868,4.73,Baseline (Day san),2.941,-12.31,4.14,Baseline (Day san)
70,2.917,-1.078,10.821,5.63,Baseline (Day san),2.908,-12.299,4.29,Baseline (Day san)
71,2.958,-1.024,10.782,7.84,Baseline (Day san),2.906,-12.263,4.06,Baseline (Day san)
72,3.0,-0.994,10.851,8.76,Baseline (Day san),2.871,-12.227,4.92,Baseline (Day san)
73,3.042,-0.96,11.024,9.71,Baseline (Day san),2.858,-12.275,6.22,Baseline (Day san)
74,3.083,-0.919,11.152,9.56,Baseline (Day san),2.755,-12.228,7.85,Baseline (Day san)
75,3.125,-0.871,11.25,8.26,Baseline (Day san),2.668,-12.159,10.19,Baseline (Day san)
76,3.167,-0.868,11.308,5.2,Baseline (Day san),2.607,-12.275,9.97,Baseline (Day san)
77,3.208,-0.866,11.322,2.88,Baseline (Day san),2.794,-12.28,9.93,Baseline (Day san)
78,3.25,-0.856,11.317,1.46,Baseline (Day san),2.762,-12.298,10.2,Baseline (Day san)
79,3.292,-0.864,11.304,1.22,Baseline (Day san),2.706,-12.201,9.99,Baseline (Day san)
80,3.333,-0.864,11.278,1.22,Baseline (Day san),2.628,-12.3,8.79,Baseline (Day san)
81,3.375,-0.855,11.235,2.54,Baseline (Day san),2.55,-12.388,8.16,Baseline (Day san)
82,3.417,-0.854,11.234,3.66,Baseline (Day san),2.511,-12.277,11.88,Baseline (Day san)
83,3.458,-0.846,11.159,4.34,Baseline (Day san),2.495,-12.289,12.56,Baseline (Day san)
84,3.5,-0.829,11.096,4.07,Baseline (Day san),2.463,-11.964,12.05,Baseline (Day san)
85,3.542,-0.794,11.04,5.01,Baseline (Day san),2.438,-12.128,13.43,Baseline (Day san)
86,3.583,-0.767,11.035,4.23,Baseline (Day san),2.418,-12.042,19.74,Baseline (Day san)
87,3.625,-0.731,10.993,3.66,Baseline (Day san),2.392,-11.847,17.15,Baseline (Day san)
88,3.667,-0.711,11.018,2.52,Baseline (Day san),2.391,-11.482,15.94,Baseline (Day san)
89,3.708,-0.692,11.043,2.47,Baseline (Day san),2.318,-11.321,16.07,Baseline (Day san)
90,3.75,-0.673,11.047,2.05,Baseline (Day san),2.297,-11.228,13.67,Baseline (Day san)
91,3.792,-0.662,11.07,1.51,Baseline (Day san),2.245,-11.147,7.92,Baseline (Day san)
92,3.833,-0.669,11.099,0.96,Baseline (Day san),2.211,-11.101,5.55,Baseline (Day san)
93,3.875,-0.668,11.116,0.96,Baseline (Day san),2.178,-11.096,5.08,Baseline (Day san)
94,3.917,-0.666,11.13,1.01,Baseline (Day san),2.145,-11.075,4.61,Baseline (Day san)
95,3.958,-0.656,11.142,0.87,Baseline (Day san),2.08,-11.056,4.78,Baseline (Day san)
96,4.0,-0.654,11.17,0.87,Baseline (Day san),2.016,-11.083,5.52,Baseline (Day san)
97,4.042,-0.652,11.192,1.38,Baseline (Day san),1.952,-11.102,5.84,Baseline (Day san)
98,4.083,-0.65,11.205,1.38,Baseline (Day san),1.885,-11.065,5.52,Baseline (Day san)
99,4.125,-0.649,11.235,0.89,Baseline (Day san),1.851,-11.018,4.97,Baseline (Day san)
100,4.167,-0.656,11.246,0.51,Baseline (Day san),1.803,-11.009,4.17,Baseline (Day san)
101,4.208,-0.672,11.248,1.4,Baseline (Day san),1.771,-11.029,3.41,Baseline (Day san)
102,4.25,-0.688,11.253,1.63,Baseline (Day san),1.755,-11.016,3.56,Baseline (Day san)
103,4.292,-0.74,11.256,2.69,Baseline (Day san),1.723,-11.017,3.2,Baseline (Day san)
104,4.333,-0.783,11.261,3.74,Baseline (Day san),1.71,-11.082,5.24,Baseline (Day san)
105,4.375,-0.843,11.271,5.03,Baseline (Day san),1.695,-11.107,6.54,Baseline (Day san)
106,4.417,-0.903,11.282,5.92,Baseline (Day san),1.718,-11.261,7.25,Baseline (Day san)
107,4.458,-0.971,11.312,6.57,Baseline (Day san),1.698,-11.166,6.75,Baseline (Day san)
108,4.5,-1.046,11.383,6.98,Baseline (Day san),1.635,-11.202,7.65,Baseline (Day san)
109,4.542,-1.086,11.453,6.9,Baseline (Day san),1.603,-11.221,6.51,Baseline (Day san)
110,4.583,-1.125,11.528,7.78,Baseline (Day san),1.522,-11.227,8.74,Baseline (Day san)
111,4.625,-1.156,11.575,6.78,Baseline (Day san),1.475,-11.303,8.33,Baseline (Day san)
112,4.667,-1.167,11.7,6.51,Baseline (Day san),1.45,-11.527,8.61,Baseline (Day san)
113,4.708,-1.181,11.743,6.95,Baseline (Day san),1.401,-11.534,8.47,Baseline (Day san)
114,4.75,-1.194,11.806,7.27,Baseline (Day san),1.352,-11.556,8.88,Baseline (Day san)
115,4.792,-1.196,11.917,6.64,Baseline (Day san),1.286,-11.524,6.67,Baseline (Day san)
116,4.833,-1.2,11.992,6.83,Baseline (Day san),1.24,-11.627,10.21,Baseline (Day san)
117,4.875,-1.212,12.079,6.42,Baseline (Day san),1.193,-11.712,13.03,Baseline (Day san)
118,4.917,-1.208,12.136,4.51,Baseline (Day san),1.183,-11.966,13.92,Baseline (Day san)
119,4.958,-1.213,12.176,3.21,Baseline (Day san),1.155,-12.181,18.08,Baseline (Day san)
120,5.0,-1.211,12.185,1.69,Baseline (Day san),1.141,-12.305,20.33,Baseline (Day san)
121,5.042,-1.21,12.203,1.26,Baseline (Day san),1.134,-11.951,17.72,Baseline (Day san)
122,5.083,-1.21,12.22,1.04,Baseline (Day san),1.122,-12.177,13.97,Baseline (Day san)
123,5.125,-1.228,12.194,1.64,Baseline (Day san),1.136,-12.075,17.94,Baseline (Day san)
124,5.167,-1.254,12.183,2.42,Baseline (Day san),1.137,-12.091,16.12,Baseline (Day san)
125,5.208,-1.288,12.192,3.45,Baseline (Day san),1.145,-11.737,16.53,Baseline (Day san)
126,5.25,-1.331,12.18,3.92,Baseline (Day san),1.134,-11.985,15.75,Baseline (Day san)
127,5.292,-1.39,12.187,4.19,Baseline (Day san),1.157,-12.235,16.19,Baseline (Day san)
128,5.333,-1.449,12.194,4.55,Baseline (Day san),1.158,-12.293,10.67,Baseline (Day san)
129,5.375,-1.491,12.207,4.37,Baseline (Day san),1.157,-12.267,6.87,Baseline (Day san)
130,5.417,-1.543,12.188,3.9,Baseline (Day san),1.158,-12.302,4.28,Baseline (Day san)
131,5.458,-1.577,12.193,3.52,Baseline (Day san),1.142,-12.326,3.77,Baseline (Day san)
132,5.5,-1.604,12.174,3.27,Baseline (Day san),1.144,-12.427,3.33,Baseline (Day san)
133,5.542,-1.636,12.192,2.79,Baseline (Day san),1.162,-12.449,3.75,Baseline (Day san)
134,5.583,-1.663,12.179,2.69,Baseline (Day san),1.162,-12.458,5.17,Baseline (Day san)
135,5.625,-1.688,12.191,2.12,Baseline (Day san),1.163,-12.517,4.04,Baseline (Day san)
136,5.667,-1.703,12.215,2.45,Baseline (Day san),1.183,-12.627,3.55,Baseline (Day san)
137,5.708,-1.704,12.206,2.66,Baseline (Day san),1.204,-12.655,3.9,Baseline (Day san)
138,5.75,-1.691,12.261,2.94,Baseline (Day san),1.205,-12.655,3.75,Baseline (Day san)
139,5.792,-1.688,12.303,4.96,Baseline (Day san),1.226,-12.655,1.83,Baseline (Day san)
140,5.833,-1.691,12.259,6.2,Baseline (Day san),1.276,-12.655,1.23,Baseline (Day san)
141,5.875,-1.715,12.402,7.34,Baseline (Day san),1.26,-12.655,1.23,Baseline (Day san)
142,5.917,-1.744,12.468,7.89,Baseline (Day san),1.259,-12.655,0.88,Baseline (Day san)
143,5.958,-1.752,12.591,7.66,Baseline (Day san),1.278,-12.655,0.0,Baseline (Day san)
144,6.0,-1.789,12.653,5.15,Baseline (Day san),1.277,-12.655,0.0,Baseline (Day san)
145,6.042,-1.82,12.655,3.91,Baseline (Day san),1.276,-12.655,0.0,Baseline (Day san)
146,6.083,-1.839,12.655,1.79,Baseline (Day san),1.276,-12.655,0.0,Baseline (Day san)
147,6.125,-1.84,12.655,0.53,Baseline (Day san),1.276,-12.655,0.6,Baseline (Day san)
148,6.167,-1.86,12.655,0.0,Baseline (Day san),1.275,-12.655,0.6,Baseline (Day san)
149,6.208,-1.857,12.655,0.0,Baseline (Day san),1.31,-12.655,1.21,Baseline (Day san)
150,6.25,-1.854,12.655,0.0,Baseline (Day san),1.31,-12.655,1.21,Baseline (Day san)
151,6.292,-1.854,12.655,0.0,Baseline (Day san),1.345,-12.655,1.85,Baseline (Day san)
152,6.333,-1.844,12.655,0.0,Baseline (Day san),1.36,-12.655,2.15,Baseline (Day san)
153,6.375,-1.843,12.655,0.0,Baseline (Day san),1.397,-12.655,2.99,Baseline (Day san)
154,6.417,-1.844,12.655,0.0,Baseline (Day san),1.449,-12.655,2.93,Baseline (Day san)
155,6.458,-1.845,12.655,0.0,Baseline (Day san),1.497,-12.655,2.93,Baseline (Day san)
156,6.5,-1.835,12.655,0.0,Baseline (Day san),1.53,-12.655,2.89,Baseline (Day san)
157,6.542,-1.834,12.655,0.0,Baseline (Day san),1.533,-12.655,2.59,Baseline (Day san)
158,6.583,-1.833,12.655,0.0,Baseline (Day san),1.568,-12.655,1.75,Baseline (Day san)
159,6.625,-1.815,12.655,0.0,Baseline (Day san),1.602,-12.655,1.89,Baseline (Day san)
160,6.667,-1.807,12.655,0.0,Baseline (Day san),1.619,-12.655,1.89,Baseline (Day san)
161,6.708,-1.807,12.655,0.0,Baseline (Day san),1.66,-12.655,1.29,Baseline (Day san)
162,6.75,-1.807,12.655,0.0,Baseline (Day san),1.679,-12.655,1.26,Baseline (Day san)
163,6.792,-1.792,12.655,0.43,Baseline (Day san),1.697,-12.655,1.75,Baseline (Day san)
164,6.833,-1.776,12.655,1.17,Baseline (Day san),1.729,-12.655,2.43,Baseline (Day san)
165,6.875,-1.751,12.655,2.04,Baseline (Day san),1.701,-12.655,3.27,Baseline (Day san)
166,6.917,-1.709,12.655,3.33,Baseline (Day san),1.781,-12.655,3.27,Baseline (Day san)
167,6.958,-1.658,12.655,4.63,Baseline (Day san),1.829,-12.655,2.71,Baseline (Day san)
168,7.0,-1.584,12.655,5.37,Baseline (Day san),1.833,-12.655,2.22,Baseline (Day san)
169,7.042,-1.508,12.655,5.36,Baseline (Day san),1.823,-12.655,0.84,Baseline (Day san)
170,7.083,-1.441,12.655,4.84,Baseline (Day san),1.837,-12.655,0.67,Baseline (Day san)
171,7.125,-1.399,12.655,4.0,Baseline (Day san),1.857,-12.655,1.46,Baseline (Day san)
172,7.167,-1.378,12.655,3.25,Baseline (Day san),1.895,-12.655,1.46,Baseline (Day san)
173,7.208,-1.352,12.655,2.7,Baseline (Day san),1.941,-12.655,1.46,Baseline (Day san)
174,7.25,-1.32,12.655,1.97,Baseline (Day san),1.936,-12.655,1.46,Baseline (Day san)
175,7.292,-1.284,12.655,2.05,Baseline (Day san),1.936,-12.655,0.8,Baseline (Day san)
176,7.333,-1.27,12.655,1.61,Baseline (Day san),1.953,-12.655,0.0,Baseline (Day san)
177,7.375,-1.245,12.655,1.63,Baseline (Day san),1.94,-12.655,0.0,Baseline (Day san)
178,7.417,-1.227,12.655,2.41,Baseline (Day san),1.94,-12.655,0.0,Baseline (Day san)
179,7.458,-1.193,12.655,3.38,Baseline (Day san),1.925,-12.655,0.0,Baseline (Day san)
180,7.5,-1.112,12.655,3.63,Baseline (Day san),1.94,-12.655,0.0,Baseline (Day san)
181,7.542,-1.056,12.655,4.2,Baseline (Day san),1.922,-12.655,0.0,Baseline (Day san)
182,7.583,-1.017,12.655,4.06,Baseline (Day san),1.921,-12.655,0.0,Baseline (Day san)
183,7.625,-0.983,12.655,3.53,Baseline (Day san),1.904,-12.655,0.0,Baseline (Day san)
184,7.667,-0.958,12.655,3.13,Baseline (Day san),1.885,-12.655,0.0,Baseline (Day san)
185,7.708,-0.908,12.655,3.21,Baseline (Day san),1.867,-12.655,0.56,Baseline (Day san)
186,7.75,-0.875,12.655,3.53,Baseline (Day san),1.867,-12.655,3.53,Baseline (Day san)
187,7.792,-0.831,12.655,3.83,Baseline (Day san),1.86,-12.623,4.84,Baseline (Day san)
188,7.833,-0.779,12.655,3.66,Baseline (Day san),1.854,-12.451,5.63,Baseline (Day san)
189,7.875,-0.737,12.655,3.97,Baseline (Day san),1.868,-12.377,7.52,Baseline (Day san)
190,7.917,-0.696,12.655,3.91,Baseline (Day san),1.87,-12.423,9.1,Baseline (Day san)
191,7.958,-0.646,12.655,3.76,Baseline (Day san),1.866,-12.313,9.02,Baseline (Day san)
192,8.0,-0.604,12.655,3.72,Baseline (Day san),1.811,-12.202,7.72,Baseline (Day san)
193,8.042,-0.561,12.655,3.58,Baseline (Day san),1.889,-12.054,9.66,Baseline (Day san)
194,8.083,-0.521,12.655,2.7,Baseline (Day san),1.889,-12.055,11.34,Baseline (Day san)
195,8.125,-0.489,12.655,1.99,Baseline (Day san),1.817,-11.914,10.71,Baseline (Day san)
196,8.167,-0.472,12.655,1.25,Baseline (Day san),1.777,-11.711,14.19,Baseline (Day san)
197,8.208,-0.457,12.655,0.56,Baseline (Day san),1.741,-11.632,16.17,Baseline (Day san)
198,8.25,-0.448,12.655,0.0,Baseline (Day san),1.678,-11.268,16.39,Baseline (Day san)
199,8.292,-0.448,12.655,0.0,Baseline (Day san),1.675,-11.154,13.71,Baseline (Day san)
200,8.333,-0.44,12.655,0.0,Baseline (Day san),1.669,-10.983,13.5,Baseline (Day san)
201,8.375,-0.433,12.655,0.0,Baseline (Day san),1.718,-10.997,8.67,Baseline (Day san)
202,8.417,-0.44,12.655,0.0,Baseline (Day san),1.782,-10.958,7.73,Baseline (Day san)
203,8.458,-0.425,12.655,0.0,Baseline (Day san),1.863,-10.919,5.19,Baseline (Day san)
204,8.5,-0.425,12.655,0.0,Baseline (Day san),1.91,-10.882,4.88,Baseline (Day san)
205,8.542,-0.417,12.655,0.0,Baseline (Day san),1.926,-10.864,4.07,Baseline (Day san)
206,8.583,-0.418,12.655,0.0,Baseline (Day san),1.927,-10.898,3.39,Baseline (Day san)
207,8.625,-0.409,12.655,0.0,Baseline (Day san),1.926,-10.87,2.35,Baseline (Day san)
208,8.667,-0.394,12.655,0.0,Baseline (Day san),1.878,-10.879,2.56,Baseline (Day san)
209,8.708,-0.385,12.655,0.0,Baseline (Day san),1.878,-10.881,3.07,Baseline (Day san)
210,8.75,-0.384,12.655,0.0,Baseline (Day san),1.895,-10.913,4.41,Baseline (Day san)
211,8.792,-0.382,12.655,0.0,Baseline (Day san),1.943,-10.87,5.99,Baseline (Day san)
212,8.833,-0.38,12.655,0.0,Baseline (Day san),2.021,-10.8,6.58,Baseline (Day san)
213,8.875,-0.385,12.655,0.0,Baseline (Day san),2.108,-10.911,6.57,Baseline (Day san)
214,8.917,-0.399,12.655,0.0,Baseline (Day san),2.106,-10.877,6.62,Baseline (Day san)
215,8.958,-0.397,12.655,0.0,Baseline (Day san),2.121,-10.845,10.03,Baseline (Day san)
216,9.0,-0.402,12.655,0.0,Baseline (Day san),2.108,-10.91,15.76,Baseline (Day san)
217,9.042,-0.4,12.655,0.0,Baseline (Day san),2.137,-11.211,28.71,Baseline (Day san)
218,9.083,-0.399,12.655,0.0,Baseline (Day san),2.158,-11.683,30.65,Baseline (Day san)
219,9.125,-0.414,12.655,0.0,Baseline (Day san),2.156,-10.9,31.64,Baseline (Day san)
220,9.167,-0.413,12.655,0.0,Baseline (Day san),2.117,-10.757,28.0,Baseline (Day san)
221,9.208,-0.399,12.655,0.52,Baseline (Day san),2.08,-10.639,20.4,Baseline (Day san)
222,9.25,-0.384,12.655,1.04,Baseline (Day san),2.044,-10.554,8.14,Baseline (Day san)
223,9.292,-0.354,12.655,1.04,Baseline (Day san),2.011,-10.551,6.19,Baseline (Day san)
224,9.333,-0.323,12.655,1.66,Baseline (Day san),1.992,-10.48,4.05,No-Man's Land (Giua san)
225,9.375,-0.33,12.655,2.65,Baseline (Day san),1.99,-10.444,3.11,No-Man's Land (Giua san)
226,9.417,-0.366,12.655,2.63,Baseline (Day san),1.991,-10.461,2.54,No-Man's Land (Giua san)
227,9.458,-0.423,12.655,3.11,Baseline (Day san),1.99,-10.423,2.72,No-Man's Land (Giua san)
228,9.5,-0.452,12.655,4.24,Baseline (Day san),1.99,-10.423,2.84,No-Man's Land (Giua san)
229,9.542,-0.51,12.655,5.01,Baseline (Day san),1.986,-10.339,4.3,No-Man's Land (Giua san)
230,9.583,-0.575,12.655,5.65,Baseline (Day san),2.001,-10.299,5.43,No-Man's Land (Giua san)
231,9.625,-0.655,12.655,6.81,Baseline (Day san),1.997,-10.214,6.27,No-Man's Land (Giua san)
232,9.667,-0.75,12.655,7.32,Baseline (Day san),1.993,-10.111,4.83,No-Man's Land (Giua san)
233,9.708,-0.846,12.655,7.32,Baseline (Day san),2.007,-10.064,4.75,No-Man's Land (Giua san)
234,9.75,-0.933,12.655,6.44,Baseline (Day san),2.023,-10.065,4.24,No-Man's Land (Giua san)
235,9.792,-0.999,12.655,5.56,Baseline (Day san),2.054,-10.043,3.23,No-Man's Land (Giua san)
236,9.833,-1.028,12.655,4.54,Baseline (Day san),2.057,-10.098,4.11,No-Man's Land (Giua san)
237,9.875,-1.071,12.655,3.8,Baseline (Day san),2.039,-10.058,5.23,No-Man's Land (Giua san)
238,9.917,-1.108,12.655,4.97,Baseline (Day san),2.003,-9.965,6.71,No-Man's Land (Giua san)
239,9.958,-1.153,12.655,5.57,Baseline (Day san),1.956,-10.01,8.01,No-Man's Land (Giua san)
240,10.0,-1.286,12.655,5.99,Baseline (Day san),1.873,-9.919,8.71,No-Man's Land (Giua san)
241,10.042,-1.35,12.655,7.37,Baseline (Day san),1.813,-10.035,9.09,No-Man's Land (Giua san)
242,10.083,-1.418,12.655,8.1,Baseline (Day san),1.751,-10.092,8.57,No-Man's Land (Giua san)
243,10.125,-1.535,12.655,7.91,Baseline (Day san),1.699,-9.982,7.26,No-Man's Land (Giua san)
244,10.167,-1.622,12.655,8.18,Baseline (Day san),1.666,-9.971,9.16,No-Man's Land (Giua san)
245,10.208,-1.744,12.655,7.68,Baseline (Day san),1.618,-9.976,10.07,No-Man's Land (Giua san)
246,10.25,-1.823,12.655,6.36,Baseline (Day san),1.578,-9.739,10.95,No-Man's Land (Giua san)
247,10.292,-1.863,12.655,5.85,Baseline (Day san),1.542,-9.607,12.17,No-Man's Land (Giua san)
248,10.333,-1.903,12.655,5.76,Baseline (Day san),1.505,-9.438,12.23,No-Man's Land (Giua san)
249,10.375,-1.961,12.655,6.07,Baseline (Day san),1.477,-9.539,13.28,No-Man's Land (Giua san)
250,10.417,-2.077,12.655,6.83,Baseline (Day san),1.428,-9.521,16.24,No-Man's Land (Giua san)
251,10.458,-2.174,12.655,8.36,Baseline (Day san),1.388,-9.222,18.45,No-Man's Land (Giua san)
252,10.5,-2.258,12.655,8.85,Baseline (Day san),1.332,-8.918,18.53,No-Man's Land (Giua san)
253,10.542,-2.387,12.655,8.74,Baseline (Day san),1.308,-8.619,18.45,No-Man's Land (Giua san)
254,10.583,-2.473,12.655,9.03,Baseline (Day san),1.274,-8.514,14.28,No-Man's Land (Giua san)
255,10.625,-2.583,12.655,10.12,Baseline (Day san),1.227,-8.521,10.04,No-Man's Land (Giua san)
256,10.667,-2.697,12.655,9.67,Baseline (Day san),1.182,-8.561,6.19,No-Man's Land (Giua san)
257,10.708,-2.844,12.655,10.58,Baseline (Day san),1.12,-8.573,5.62,No-Man's Land (Giua san)
258,10.75,-2.946,12.655,10.14,Baseline (Day san),1.042,-8.564,6.18,No-Man's Land (Giua san)
259,10.792,-3.085,12.655,8.64,Baseline (Day san),0.98,-8.611,5.99,No-Man's Land (Giua san)
260,10.833,-3.17,12.655,6.79,Baseline (Day san),0.903,-8.625,6.24,No-Man's Land (Giua san)
261,10.875,-3.197,12.655,5.6,Baseline (Day san),0.856,-8.61,7.27,No-Man's Land (Giua san)
262,10.917,-3.236,12.655,3.74,Baseline (Day san),0.823,-8.539,6.79,No-Man's Land (Giua san)
263,10.958,-3.27,12.655,2.96,Baseline (Day san),0.795,-8.675,8.81,No-Man's Land (Giua san)
264,11.0,-3.301,12.655,3.2,Baseline (Day san),0.748,-8.688,10.38,No-Man's Land (Giua san)
265,11.042,-3.341,12.655,2.52,Baseline (Day san),0.667,-8.509,12.29,No-Man's Land (Giua san)
266,11.083,-3.382,12.655,1.93,Baseline (Day san),0.588,-8.394,13.9,No-Man's Land (Giua san)
267,11.125,-3.376,12.655,2.02,Baseline (Day san),0.54,-8.212,15.58,No-Man's Land (Giua san)
268,11.167,-3.364,12.655,1.33,Baseline (Day san),0.491,-7.986,16.5,No-Man's Land (Giua san)
269,11.208,-3.4,12.655,0.62,Baseline (Day san),0.428,-7.854,19.07,No-Man's Land (Giua san)
270,11.25,-3.389,12.655,0.62,Baseline (Day san),0.38,-7.609,18.12,No-Man's Land (Giua san)
271,11.292,-3.397,12.655,1.13,Baseline (Day san),0.333,-7.324,15.61,No-Man's Land (Giua san)
272,11.333,-3.417,12.655,0.86,Baseline (Day san),0.302,-7.195,14.7,No-Man's Land (Giua san)
273,11.375,-3.446,12.655,1.32,Baseline (Day san),0.271,-7.114,11.07,No-Man's Land (Giua san)
274,11.417,-3.466,12.655,2.44,Baseline (Day san),0.24,-7.026,7.4,No-Man's Land (Giua san)
275,11.458,-3.493,12.655,3.63,Baseline (Day san),0.225,-6.99,6.14,No-Man's Land (Giua san)
276,11.5,-3.558,12.655,3.63,Baseline (Day san),0.18,-7.052,7.0,No-Man's Land (Giua san)
277,11.542,-3.627,12.655,3.28,Baseline (Day san),0.12,-7.056,6.33,No-Man's Land (Giua san)
278,11.583,-3.656,12.655,2.82,Baseline (Day san),0.045,-6.943,6.72,No-Man's Land (Giua san)
279,11.625,-3.674,12.655,2.21,Baseline (Day san),-0.0,-6.974,6.38,No-Man's Land (Giua san)
280,11.667,-3.687,12.655,1.46,Baseline (Day san),-0.03,-6.919,5.96,No-Man's Land (Giua san)
281,11.708,-3.658,12.655,1.46,Baseline (Day san),-0.06,-6.872,4.85,No-Man's Land (Giua san)
282,11.75,-3.683,12.655,2.06,Baseline (Day san),-0.075,-6.839,4.62,No-Man's Land (Giua san)
283,11.792,-3.713,12.655,2.06,Baseline (Day san),-0.12,-6.783,5.47,No-Man's Land (Giua san)
284,11.833,-3.747,12.655,2.04,Baseline (Day san),-0.15,-6.754,8.16,No-Man's Land (Giua san)
285,11.875,-3.763,12.655,1.59,Baseline (Day san),-0.149,-6.643,12.89,No-Man's Land (Giua san)
286,11.917,-3.791,12.655,1.09,Baseline (Day san),-0.148,-6.431,12.51,No-Man's Land (Giua san)
287,11.958,-3.788,12.655,0.49,Baseline (Day san),-0.162,-6.121,13.29,Attack Zone (Tan cong luoi)
288,12.0,-3.779,12.655,0.86,Baseline (Day san),-0.162,-6.072,11.79,Attack Zone (Tan cong luoi)
289,12.042,-3.765,12.655,0.37,Baseline (Day san),-0.176,-5.987,8.13,Attack Zone (Tan cong luoi)
290,12.083,-3.744,12.655,0.37,Baseline (Day san),-0.176,-5.962,2.77,Attack Zone (Tan cong luoi)
291,12.125,-3.733,12.655,0.37,Baseline (Day san),-0.176,-5.947,1.92,Attack Zone (Tan cong luoi)
292,12.167,-3.72,12.655,0.74,Baseline (Day san),-0.176,-5.934,0.43,Attack Zone (Tan cong luoi)
293,12.208,-3.701,12.655,0.36,Baseline (Day san),-0.176,-5.923,0.6,Attack Zone (Tan cong luoi)
294,12.25,-3.68,12.655,0.36,Baseline (Day san),-0.176,-5.907,0.6,Attack Zone (Tan cong luoi)
295,12.292,-3.66,12.655,0.36,Baseline (Day san),-0.161,-5.876,0.6,Attack Zone (Tan cong luoi)
296,12.333,-3.642,12.655,0.36,Baseline (Day san),-0.175,-5.878,0.6,Attack Zone (Tan cong luoi)
297,12.375,-3.624,12.655,0.97,Baseline (Day san),-0.175,-5.871,0.6,Attack Zone (Tan cong luoi)
298,12.417,-3.605,12.655,1.97,Baseline (Day san),-0.175,-5.871,0.94,Attack Zone (Tan cong luoi)
299,12.458,-3.549,12.655,3.17,Baseline (Day san),-0.161,-5.87,0.94,Attack Zone (Tan cong luoi)
300,12.5,-3.491,12.655,4.36,Baseline (Day san),-0.176,-5.923,1.95,Attack Zone (Tan cong luoi)
301,12.542,-3.421,12.655,5.84,Baseline (Day san),-0.176,-5.929,2.31,Attack Zone (Tan cong luoi)
302,12.583,-3.353,12.655,5.9,Baseline (Day san),-0.161,-5.873,2.99,Attack Zone (Tan cong luoi)
303,12.625,-3.267,12.655,5.53,Baseline (Day san),-0.175,-5.858,3.04,Attack Zone (Tan cong luoi)
304,12.667,-3.207,12.655,5.03,Baseline (Day san),-0.161,-5.894,3.04,Attack Zone (Tan cong luoi)
305,12.708,-3.17,12.655,3.84,Baseline (Day san),-0.161,-5.952,4.1,Attack Zone (Tan cong luoi)
306,12.75,-3.13,12.655,3.33,Baseline (Day san),-0.176,-5.946,4.66,Attack Zone (Tan cong luoi)
307,12.792,-3.116,12.655,2.77,Baseline (Day san),-0.103,-6.041,5.24,Attack Zone (Tan cong luoi)
308,12.833,-3.06,12.655,3.0,Baseline (Day san),-0.088,-5.99,4.79,Attack Zone (Tan cong luoi)
309,12.875,-3.033,12.655,2.9,Baseline (Day san),-0.147,-6.033,7.07,Attack Zone (Tan cong luoi)
310,12.917,-2.983,12.655,3.26,Baseline (Day san),-0.117,-6.021,6.04,Attack Zone (Tan cong luoi)
311,12.958,-2.948,12.655,2.79,Baseline (Day san),-0.103,-6.152,5.86,Attack Zone (Tan cong luoi)
312,13.0,-2.927,12.655,3.39,Baseline (Day san),-0.103,-6.092,5.11,Attack Zone (Tan cong luoi)
313,13.042,-2.899,12.655,3.96,Baseline (Day san),-0.073,-6.123,4.57,Attack Zone (Tan cong luoi)
314,13.083,-2.836,12.655,4.85,Baseline (Day san),-0.044,-6.12,2.73,Attack Zone (Tan cong luoi)
315,13.125,-2.754,12.655,5.09,Baseline (Day san),-0.029,-6.125,2.22,Attack Zone (Tan cong luoi)
316,13.167,-2.667,12.655,5.28,Baseline (Day san),-0.014,-6.104,2.27,Attack Zone (Tan cong luoi)
317,13.208,-2.633,12.655,4.9,Baseline (Day san),0.015,-6.095,2.71,Attack Zone (Tan cong luoi)
318,13.25,-2.594,12.655,3.47,Baseline (Day san),0.044,-6.06,3.51,Attack Zone (Tan cong luoi)
319,13.292,-2.553,12.655,2.63,Baseline (Day san),0.074,-6.107,3.9,Attack Zone (Tan cong luoi)
320,13.333,-2.533,12.655,2.89,Baseline (Day san),0.103,-6.072,3.94,Attack Zone (Tan cong luoi)
321,13.375,-2.495,12.655,3.16,Baseline (Day san),0.148,-6.091,4.13,Attack Zone (Tan cong luoi)
322,13.417,-2.446,12.655,3.86,Baseline (Day san),0.177,-6.076,4.33,Attack Zone (Tan cong luoi)
323,13.458,-2.391,12.655,4.93,Baseline (Day san),0.221,-6.041,4.3,Attack Zone (Tan cong luoi)
324,13.5,-2.309,12.655,4.84,Baseline (Day san),0.28,-6.009,4.05,Attack Zone (Tan cong luoi)
325,13.542,-2.247,12.655,4.39,Baseline (Day san),0.324,-6.013,3.48,Attack Zone (Tan cong luoi)
326,13.583,-2.215,12.655,4.27,Baseline (Day san),0.353,-5.997,3.5,Attack Zone (Tan cong luoi)
327,13.625,-2.192,12.655,3.32,Baseline (Day san),0.368,-5.989,3.3,Attack Zone (Tan cong luoi)
328,13.667,-2.143,12.655,3.68,Baseline (Day san),0.398,-6.039,3.59,Attack Zone (Tan cong luoi)
329,13.708,-2.117,12.655,4.1,Baseline (Day san),0.412,-5.985,3.62,Attack Zone (Tan cong luoi)
330,13.75,-2.034,12.655,4.89,Baseline (Day san),0.456,-6.028,4.34,Attack Zone (Tan cong luoi)
331,13.792,-1.978,12.655,5.47,Baseline (Day san),0.486,-6.046,4.27,Attack Zone (Tan cong luoi)
332,13.833,-1.909,12.655,6.1,Baseline (Day san),0.516,-6.075,4.52,Attack Zone (Tan cong luoi)
333,13.875,-1.827,12.655,5.38,Baseline (Day san),0.531,-6.127,6.04,Attack Zone (Tan cong luoi)
334,13.917,-1.764,12.655,4.4,Baseline (Day san),0.486,-6.074,8.33,Attack Zone (Tan cong luoi)
335,13.958,-1.723,12.655,4.06,Baseline (Day san),0.561,-6.204,8.65,Attack Zone (Tan cong luoi)
336,14.0,-1.716,12.655,3.48,Baseline (Day san),0.593,-6.368,9.79,Attack Zone (Tan cong luoi)
337,14.042,-1.668,12.655,3.35,Baseline (Day san),0.609,-6.426,11.08,No-Man's Land (Giua san)
338,14.083,-1.619,12.655,3.35,Baseline (Day san),0.61,-6.546,10.44,No-Man's Land (Giua san)
339,14.125,-1.564,12.655,3.82,Baseline (Day san),0.612,-6.69,8.42,No-Man's Land (Giua san)
340,14.167,-1.523,12.655,2.98,Baseline (Day san),0.643,-6.798,8.82,No-Man's Land (Giua san)
341,14.208,-1.495,12.655,2.49,Baseline (Day san),0.688,-6.776,7.28,No-Man's Land (Giua san)
342,14.25,-1.475,12.655,2.01,Baseline (Day san),0.704,-6.858,5.58,No-Man's Land (Giua san)
343,14.292,-1.455,12.655,1.77,Baseline (Day san),0.734,-6.848,4.29,No-Man's Land (Giua san)
344,14.333,-1.428,12.655,2.12,Baseline (Day san),0.779,-6.848,4.47,No-Man's Land (Giua san)
345,14.375,-1.4,12.655,2.84,Baseline (Day san),0.809,-6.872,3.55,No-Man's Land (Giua san)
346,14.417,-1.353,12.655,3.07,Baseline (Day san),0.869,-6.861,3.01,No-Man's Land (Giua san)
347,14.458,-1.311,12.655,3.43,Baseline (Day san),0.899,-6.864,5.2,No-Man's Land (Giua san)
348,14.5,-1.278,12.655,3.55,Baseline (Day san),0.914,-6.858,6.15,No-Man's Land (Giua san)
349,14.542,-1.229,12.655,3.31,Baseline (Day san),0.947,-7.026,5.82,No-Man's Land (Giua san)
350,14.583,-1.195,12.655,3.31,Baseline (Day san),0.964,-7.118,7.79,No-Man's Land (Giua san)
351,14.625,-1.161,12.655,3.32,Baseline (Day san),0.949,-7.08,10.39,No-Man's Land (Giua san)
352,14.667,-1.12,12.655,3.07,Baseline (Day san),0.952,-7.224,9.11,No-Man's Land (Giua san)
353,14.708,-1.086,12.655,3.07,Baseline (Day san),0.94,-7.374,8.88,No-Man's Land (Giua san)
354,14.75,-1.052,12.655,2.95,Baseline (Day san),0.942,-7.471,10.56,No-Man's Land (Giua san)
355,14.792,-1.017,12.655,3.09,Baseline (Day san),0.955,-7.393,11.01,No-Man's Land (Giua san)
356,14.833,-0.99,12.655,3.33,Baseline (Day san),0.952,-7.254,10.92,No-Man's Land (Giua san)
357,14.875,-0.941,12.655,3.33,Baseline (Day san),0.934,-7.085,10.06,No-Man's Land (Giua san)
358,14.917,-0.893,12.655,3.32,Baseline (Day san),0.931,-6.94,9.15,No-Man's Land (Giua san)
359,14.958,-0.859,12.655,3.56,Baseline (Day san),0.93,-6.891,7.64,No-Man's Land (Giua san)
360,15.0,-0.825,12.655,3.07,Baseline (Day san),0.93,-6.918,7.22,No-Man's Land (Giua san)
361,15.042,-0.784,12.655,2.82,Baseline (Day san),0.931,-6.97,5.53,No-Man's Land (Giua san)
362,15.083,-0.764,12.655,3.41,Baseline (Day san),0.912,-6.825,5.24,No-Man's Land (Giua san)
363,15.125,-0.73,12.655,3.42,Baseline (Day san),0.926,-6.78,4.77,No-Man's Land (Giua san)
364,15.167,-0.662,12.655,4.25,Baseline (Day san),0.94,-6.752,3.88,No-Man's Land (Giua san)
365,15.208,-0.627,12.655,4.95,Baseline (Day san),0.939,-6.737,1.87,No-Man's Land (Giua san)
366,15.25,-0.538,12.655,5.79,Baseline (Day san),0.954,-6.747,1.57,No-Man's Land (Giua san)
367,15.292,-0.477,12.655,6.14,Baseline (Day san),0.984,-6.749,2.03,No-Man's Land (Giua san)
368,15.333,-0.395,12.655,6.96,Baseline (Day san),1.013,-6.754,2.54,No-Man's Land (Giua san)
369,15.375,-0.306,12.655,6.6,Baseline (Day san),1.058,-6.79,3.48,No-Man's Land (Giua san)
370,15.417,-0.224,12.655,7.2,Baseline (Day san),1.088,-6.789,3.5,No-Man's Land (Giua san)
371,15.458,-0.156,12.655,7.55,Baseline (Day san),1.133,-6.819,3.95,No-Man's Land (Giua san)
372,15.5,-0.06,12.655,7.79,Baseline (Day san),1.163,-6.827,4.78,No-Man's Land (Giua san)
373,15.542,0.042,12.655,8.14,Baseline (Day san),1.206,-6.792,5.84,No-Man's Land (Giua san)
374,15.583,0.144,12.655,8.62,Baseline (Day san),1.239,-6.893,5.84,No-Man's Land (Giua san)
375,15.625,0.247,12.655,8.5,Baseline (Day san),1.285,-6.971,8.25,No-Man's Land (Giua san)
376,15.667,0.343,12.655,8.15,Baseline (Day san),1.301,-7.023,7.79,No-Man's Land (Giua san)
377,15.708,0.432,12.655,7.55,Baseline (Day san),1.341,-6.857,6.78,No-Man's Land (Giua san)
378,15.75,0.513,12.655,7.31,Baseline (Day san),1.34,-6.828,5.77,No-Man's Land (Giua san)
379,15.792,0.582,12.655,7.32,Baseline (Day san),1.353,-6.782,5.55,No-Man's Land (Giua san)
380,15.833,0.67,12.655,7.66,Baseline (Day san),1.367,-6.753,3.58,No-Man's Land (Giua san)
381,15.875,0.766,12.655,8.02,Baseline (Day san),1.35,-6.715,8.04,No-Man's Land (Giua san)
382,15.917,0.875,12.655,8.85,Baseline (Day san),1.348,-6.659,7.72,No-Man's Land (Giua san)
383,15.958,0.978,12.655,9.79,Baseline (Day san),1.324,-6.372,10.06,Attack Zone (Tan cong luoi)
384,16.0,1.094,12.655,10.38,Baseline (Day san),1.339,-6.397,10.97,Attack Zone (Tan cong luoi)
385,16.042,1.237,12.655,10.51,Baseline (Day san),1.319,-6.23,10.01,Attack Zone (Tan cong luoi)
386,16.083,1.367,12.655,10.39,Baseline (Day san),1.301,-6.137,5.68,Attack Zone (Tan cong luoi)
387,16.125,1.484,12.655,9.93,Baseline (Day san),1.301,-6.139,5.84,Attack Zone (Tan cong luoi)
388,16.167,1.579,12.655,9.35,Baseline (Day san),1.299,-6.102,2.95,Attack Zone (Tan cong luoi)
389,16.208,1.668,12.655,9.0,Baseline (Day san),1.298,-6.063,1.75,Attack Zone (Tan cong luoi)
390,16.25,1.778,12.655,8.74,Baseline (Day san),1.297,-6.054,1.75,Attack Zone (Tan cong luoi)
391,16.292,1.887,12.655,9.1,Baseline (Day san),1.282,-6.035,1.66,Attack Zone (Tan cong luoi)
392,16.333,1.989,12.655,8.99,Baseline (Day san),1.267,-6.041,1.37,Attack Zone (Tan cong luoi)
393,16.375,2.106,12.655,8.97,Baseline (Day san),1.237,-6.055,1.97,Attack Zone (Tan cong luoi)
394,16.417,2.188,12.655,8.96,Baseline (Day san),1.237,-6.077,1.54,Attack Zone (Tan cong luoi)
395,16.458,2.297,12.655,8.75,Baseline (Day san),1.207,-6.06,2.34,Attack Zone (Tan cong luoi)
396,16.5,2.406,12.655,8.13,Baseline (Day san),1.192,-6.047,2.25,Attack Zone (Tan cong luoi)
397,16.542,2.495,12.655,8.26,Baseline (Day san),1.178,-6.092,3.88,Attack Zone (Tan cong luoi)
398,16.583,2.576,12.655,7.8,Baseline (Day san),1.163,-6.114,4.03,Attack Zone (Tan cong luoi)
399,16.625,2.666,12.655,6.73,Baseline (Day san),1.151,-6.23,4.43,Attack Zone (Tan cong luoi)
400,16.667,2.748,12.655,6.38,Baseline (Day san),1.152,-6.274,7.29,Attack Zone (Tan cong luoi)
401,16.708,2.796,12.655,6.17,Baseline (Day san),1.136,-6.256,10.27,Attack Zone (Tan cong luoi)
402,16.75,2.865,12.655,5.91,Baseline (Day san),1.116,-6.046,11.74,Attack Zone (Tan cong luoi)
403,16.792,2.933,12.655,5.78,Baseline (Day san),1.081,-5.849,13.13,Attack Zone (Tan cong luoi)
404,16.833,3.009,12.655,6.49,Baseline (Day san),1.032,-5.653,15.56,Attack Zone (Tan cong luoi)
405,16.875,3.083,12.655,6.48,Baseline (Day san),1.015,-5.531,13.68,Attack Zone (Tan cong luoi)
406,16.917,3.171,12.655,6.49,Baseline (Day san),0.996,-5.368,11.76,Attack Zone (Tan cong luoi)
407,16.958,3.24,12.655,6.6,Baseline (Day san),0.979,-5.267,9.35,Attack Zone (Tan cong luoi)
408,17.0,3.308,12.655,6.73,Baseline (Day san),0.962,-5.18,8.48,Attack Zone (Tan cong luoi)
409,17.042,3.391,12.655,6.49,Baseline (Day san),0.946,-5.12,6.53,Attack Zone (Tan cong luoi)
410,17.083,3.472,12.655,6.6,Baseline (Day san),0.93,-5.048,5.36,Attack Zone (Tan cong luoi)
411,17.125,3.547,12.655,6.59,Baseline (Day san),0.914,-5.0,5.3,Attack Zone (Tan cong luoi)
412,17.167,3.622,12.655,6.47,Baseline (Day san),0.899,-4.968,5.21,Attack Zone (Tan cong luoi)
413,17.208,3.69,12.655,6.23,Baseline (Day san),0.897,-4.883,4.29,Attack Zone (Tan cong luoi)
414,17.25,3.765,12.655,6.13,Baseline (Day san),0.909,-4.828,3.41,Attack Zone (Tan cong luoi)
415,17.292,3.833,12.655,6.25,Baseline (Day san),0.908,-4.808,2.81,Attack Zone (Tan cong luoi)
416,17.333,3.902,12.655,6.26,Baseline (Day san),0.894,-4.797,1.33,Attack Zone (Tan cong luoi)
417,17.375,3.983,12.655,5.44,Baseline (Day san),0.893,-4.804,0.35,Attack Zone (Tan cong luoi)
418,17.417,4.052,12.655,5.55,Baseline (Day san),0.893,-4.812,0.0,Attack Zone (Tan cong luoi)
419,17.458,4.08,12.655,5.53,Baseline (Day san),0.907,-4.813,0.0,Attack Zone (Tan cong luoi)
420,17.5,4.154,12.655,5.57,Baseline (Day san),0.907,-4.827,0.58,Attack Zone (Tan cong luoi)
421,17.542,4.222,12.655,5.78,Baseline (Day san),0.907,-4.836,0.58,Attack Zone (Tan cong luoi)
422,17.583,4.306,12.655,6.23,Baseline (Day san),0.908,-4.87,1.49,Attack Zone (Tan cong luoi)
423,17.625,4.386,12.655,5.89,Baseline (Day san),0.922,-4.867,1.49,Attack Zone (Tan cong luoi)
424,17.667,4.441,12.655,5.66,Baseline (Day san),0.952,-4.91,2.27,Attack Zone (Tan cong luoi)
425,17.708,4.495,12.655,4.95,Baseline (Day san),0.951,-4.899,3.45,Attack Zone (Tan cong luoi)
426,17.75,4.55,12.655,4.25,Baseline (Day san),0.994,-4.883,4.61,Attack Zone (Tan cong luoi)
427,17.792,4.592,12.655,3.77,Baseline (Day san),1.049,-4.798,4.57,Attack Zone (Tan cong luoi)
428,17.833,4.632,12.655,3.55,Baseline (Day san),1.076,-4.736,4.97,Attack Zone (Tan cong luoi)
429,17.875,4.659,12.655,3.08,Baseline (Day san),1.103,-4.694,4.19,Attack Zone (Tan cong luoi)
430,17.917,4.701,12.655,2.72,Baseline (Day san),1.118,-4.711,2.43,Attack Zone (Tan cong luoi)
431,17.958,4.728,12.655,2.03,Baseline (Day san),1.118,-4.715,1.27,Attack Zone (Tan cong luoi)
432,18.0,4.75,12.655,1.56,Baseline (Day san),1.104,-4.707,0.9,Attack Zone (Tan cong luoi)
433,18.042,4.756,12.655,0.85,Baseline (Day san),1.104,-4.703,0.5,Attack Zone (Tan cong luoi)
434,18.083,4.764,12.655,0.37,Baseline (Day san),1.075,-4.71,0.89,Attack Zone (Tan cong luoi)
435,18.125,4.765,12.655,0.0,Baseline (Day san),1.061,-4.712,0.89,Attack Zone (Tan cong luoi)
436,18.167,4.765,12.655,0.0,Baseline (Day san),1.047,-4.73,1.45,Attack Zone (Tan cong luoi)
437,18.208,4.765,12.655,0.0,Baseline (Day san),1.047,-4.733,2.36,Attack Zone (Tan cong luoi)
438,18.25,4.765,12.655,0.0,Baseline (Day san),1.034,-4.762,4.18,Attack Zone (Tan cong luoi)
439,18.292,4.758,12.655,0.0,Baseline (Day san),1.007,-4.839,6.25,Attack Zone (Tan cong luoi)
440,18.333,4.752,12.655,0.0,Baseline (Day san),0.981,-4.942,7.67,Attack Zone (Tan cong luoi)
441,18.375,4.745,12.655,0.0,Baseline (Day san),0.97,-5.083,8.62,Attack Zone (Tan cong luoi)
442,18.417,4.738,12.655,0.0,Baseline (Day san),0.928,-5.154,9.62,Attack Zone (Tan cong luoi)
443,18.458,4.73,12.655,0.0,Baseline (Day san),0.901,-5.237,9.16,Attack Zone (Tan cong luoi)
444,18.5,4.716,12.655,0.48,Baseline (Day san),0.875,-5.374,8.95,Attack Zone (Tan cong luoi)
445,18.542,4.703,12.655,0.96,Baseline (Day san),0.891,-5.452,8.81,Attack Zone (Tan cong luoi)
446,18.583,4.675,12.655,1.55,Baseline (Day san),0.879,-5.581,9.05,Attack Zone (Tan cong luoi)
447,18.625,4.647,12.655,2.25,Baseline (Day san),0.909,-5.649,7.43,Attack Zone (Tan cong luoi)
448,18.667,4.613,12.655,3.09,Baseline (Day san),0.882,-5.746,7.15,Attack Zone (Tan cong luoi)
449,18.708,4.573,12.655,3.42,Baseline (Day san),0.838,-5.735,5.76,Attack Zone (Tan cong luoi)
450,18.75,4.524,12.655,4.16,Baseline (Day san),0.808,-5.679,5.13,Attack Zone (Tan cong luoi)
451,18.792,4.477,12.655,4.23,Baseline (Day san),0.778,-5.64,3.89,Attack Zone (Tan cong luoi)
452,18.833,4.407,12.655,4.73,Baseline (Day san),0.779,-5.677,4.16,Attack Zone (Tan cong luoi)
453,18.875,4.368,12.655,5.57,Baseline (Day san),0.764,-5.651,3.81,Attack Zone (Tan cong luoi)
454,18.917,4.299,12.655,4.75,Baseline (Day san),0.705,-5.635,2.97,Attack Zone (Tan cong luoi)
455,18.958,4.202,12.655,4.0,Baseline (Day san),0.662,-5.634,2.82,Attack Zone (Tan cong luoi)
456,19.0,4.188,12.655,3.81,Baseline (Day san),0.647,-5.643,3.76,Attack Zone (Tan cong luoi)
457,19.042,4.161,12.655,3.44,Baseline (Day san),0.662,-5.668,4.11,Attack Zone (Tan cong luoi)
458,19.083,4.134,12.655,2.69,Baseline (Day san),0.678,-5.75,4.13,Attack Zone (Tan cong luoi)
459,19.125,4.086,12.655,3.65,Baseline (Day san),0.633,-5.682,4.13,Attack Zone (Tan cong luoi)
460,19.167,4.032,12.655,4.02,Baseline (Day san),0.589,-5.673,3.63,Attack Zone (Tan cong luoi)
461,19.208,3.977,12.655,4.36,Baseline (Day san),0.575,-5.684,3.65,Attack Zone (Tan cong luoi)
462,19.25,3.928,12.655,4.47,Baseline (Day san),0.59,-5.697,2.8,Attack Zone (Tan cong luoi)
463,19.292,3.882,12.655,4.25,Baseline (Day san),0.545,-5.624,2.03,Attack Zone (Tan cong luoi)
464,19.333,3.827,12.655,3.98,Baseline (Day san),0.531,-5.653,2.98,Attack Zone (Tan cong luoi)
465,19.375,3.786,12.655,3.97,Baseline (Day san),0.531,-5.671,5.56,Attack Zone (Tan cong luoi)
466,19.417,3.746,12.655,3.77,Baseline (Day san),0.487,-5.638,8.82,Attack Zone (Tan cong luoi)
467,19.458,3.699,12.655,3.54,Baseline (Day san),0.459,-5.784,11.25,Attack Zone (Tan cong luoi)
468,19.5,3.664,12.655,4.7,Baseline (Day san),0.433,-6.057,15.31,Attack Zone (Tan cong luoi)
469,19.542,3.622,12.655,4.97,Baseline (Day san),0.434,-6.23,16.53,Attack Zone (Tan cong luoi)
470,19.583,3.514,12.655,4.84,Baseline (Day san),0.436,-6.465,15.48,No-Man's Land (Giua san)
471,19.625,3.459,12.655,5.29,Baseline (Day san),0.452,-6.59,10.74,No-Man's Land (Giua san)
472,19.667,3.418,12.655,5.52,Baseline (Day san),0.423,-6.673,8.15,No-Man's Land (Giua san)
473,19.708,3.357,12.655,4.6,Baseline (Day san),0.409,-6.684,4.09,No-Man's Land (Giua san)
474,19.75,3.303,12.655,4.83,Baseline (Day san),0.394,-6.702,2.5,No-Man's Land (Giua san)
475,19.792,3.248,12.655,5.21,Baseline (Day san),0.394,-6.712,1.37,No-Man's Land (Giua san)
476,19.833,3.179,12.655,5.44,Baseline (Day san),0.379,-6.742,2.0,No-Man's Land (Giua san)
477,19.875,3.117,12.655,5.67,Baseline (Day san),0.364,-6.725,2.33,No-Man's Land (Giua san)
478,19.917,3.043,12.655,6.03,Baseline (Day san),0.364,-6.688,3.53,No-Man's Land (Giua san)
479,19.958,2.975,12.655,6.01,Baseline (Day san),0.334,-6.659,3.47,No-Man's Land (Giua san)
480,20.0,2.899,12.655,6.25,Baseline (Day san),0.304,-6.722,4.48,No-Man's Land (Giua san)
481,20.042,2.831,12.655,6.28,Baseline (Day san),0.275,-6.727,4.59,No-Man's Land (Giua san)
482,20.083,2.755,12.655,6.4,Baseline (Day san),0.245,-6.802,6.73,No-Man's Land (Giua san)
483,20.125,2.679,12.655,6.16,Baseline (Day san),0.23,-6.842,6.67,No-Man's Land (Giua san)
484,20.167,2.604,12.655,6.05,Baseline (Day san),0.216,-7.007,8.74,No-Man's Land (Giua san)
485,20.208,2.543,12.655,5.34,Baseline (Day san),0.201,-7.072,9.91,No-Man's Land (Giua san)
486,20.25,2.481,12.655,5.08,Baseline (Day san),0.172,-7.219,10.09,No-Man's Land (Giua san)
487,20.292,2.446,12.655,4.73,Baseline (Day san),0.157,-7.367,8.65,No-Man's Land (Giua san)
488,20.333,2.385,12.655,3.67,Baseline (Day san),0.127,-7.411,9.81,No-Man's Land (Giua san)
489,20.375,2.33,12.655,3.55,Baseline (Day san),0.097,-7.488,8.63,No-Man's Land (Giua san)
490,20.417,2.318,12.655,3.92,Baseline (Day san),0.097,-7.621,6.07,No-Man's Land (Giua san)
491,20.458,2.263,12.655,3.92,Baseline (Day san),0.127,-7.697,5.62,No-Man's Land (Giua san)
492,20.5,2.207,12.655,4.03,Baseline (Day san),0.127,-7.7,4.58,No-Man's Land (Giua san)
493,20.542,2.146,12.655,5.09,Baseline (Day san),0.143,-7.723,2.28,No-Man's Land (Giua san)
494,20.583,2.085,12.655,4.97,Baseline (Day san),0.143,-7.701,1.47,No-Man's Land (Giua san)
495,20.625,2.023,12.655,4.96,Baseline (Day san),0.143,-7.709,1.47,No-Man's Land (Giua san)
496,20.667,1.975,12.655,4.74,Baseline (Day san),0.143,-7.744,0.99,No-Man's Land (Giua san)
497,20.708,1.92,12.655,4.5,Baseline (Day san),0.143,-7.754,0.6,No-Man's Land (Giua san)
498,20.75,1.872,12.655,4.38,Baseline (Day san),0.143,-7.758,1.66,No-Man's Land (Giua san)
499,20.792,1.824,12.655,4.38,Baseline (Day san),0.158,-7.746,1.9,No-Man's Land (Giua san)
500,20.833,1.77,12.655,4.13,Baseline (Day san),0.128,-7.799,2.28,No-Man's Land (Giua san)
501,20.875,1.721,12.655,4.36,Baseline (Day san),0.128,-7.848,3.37,No-Man's Land (Giua san)
502,20.917,1.681,12.655,4.37,Baseline (Day san),0.128,-7.87,3.37,No-Man's Land (Giua san)
503,20.958,1.62,12.655,4.25,Baseline (Day san),0.128,-7.807,2.32,No-Man's Land (Giua san)
504,21.0,1.572,12.655,4.37,Baseline (Day san),0.143,-7.801,1.48,No-Man's Land (Giua san)
505,21.042,1.524,12.655,4.61,Baseline (Day san),0.143,-7.799,2.02,No-Man's Land (Giua san)
506,21.083,1.469,12.655,4.39,Baseline (Day san),0.143,-7.818,0.92,No-Man's Land (Giua san)
507,21.125,1.414,12.655,4.51,Baseline (Day san),0.174,-7.862,4.1,No-Man's Land (Giua san)
508,21.167,1.366,12.655,4.74,Baseline (Day san),0.189,-7.861,11.12,No-Man's Land (Giua san)
509,21.208,1.311,12.655,4.74,Baseline (Day san),0.251,-8.034,16.38,No-Man's Land (Giua san)
510,21.25,1.249,12.655,4.75,Baseline (Day san),0.315,-8.435,18.51,No-Man's Land (Giua san)
511,21.292,1.194,12.655,4.86,Baseline (Day san),0.332,-8.739,21.74,No-Man's Land (Giua san)
512,21.333,1.139,12.655,4.96,Baseline (Day san),0.396,-8.904,19.8,No-Man's Land (Giua san)
513,21.375,1.085,12.655,4.61,Baseline (Day san),0.429,-9.088,14.22,No-Man's Land (Giua san)
514,21.417,1.023,12.655,4.25,Baseline (Day san),0.413,-9.018,11.15,No-Man's Land (Giua san)
515,21.458,0.982,12.655,3.9,Baseline (Day san),0.46,-9.085,9.86,No-Man's Land (Giua san)
516,21.5,0.948,12.655,3.55,Baseline (Day san),0.586,-9.103,10.11,No-Man's Land (Giua san)
517,21.542,0.914,12.655,3.32,Baseline (Day san),0.619,-9.199,12.06,No-Man's Land (Giua san)
518,21.583,0.879,12.655,3.31,Baseline (Day san),0.558,-9.392,14.22,No-Man's Land (Giua san)
519,21.625,0.831,12.655,3.43,Baseline (Day san),0.528,-9.574,16.93,No-Man's Land (Giua san)
520,21.667,0.79,12.655,3.43,Baseline (Day san),0.515,-9.78,18.8,No-Man's Land (Giua san)
521,21.708,0.749,12.655,3.54,Baseline (Day san),0.517,-10.065,20.42,No-Man's Land (Giua san)
522,21.75,0.715,12.655,3.43,Baseline (Day san),0.52,-10.275,22.85,No-Man's Land (Giua san)
523,21.792,0.674,12.655,3.44,Baseline (Day san),0.506,-10.57,23.55,Baseline (Day san)
524,21.833,0.633,12.655,3.56,Baseline (Day san),0.493,-10.895,22.1,Baseline (Day san)
525,21.875,0.591,12.655,4.03,Baseline (Day san),0.545,-11.137,19.48,Baseline (Day san)
526,21.917,0.543,12.655,3.67,Baseline (Day san),0.526,-10.938,17.74,Baseline (Day san)
527,21.958,0.482,12.655,3.44,Baseline (Day san),0.526,-10.88,16.26,Baseline (Day san)
528,22.0,0.462,12.655,3.43,Baseline (Day san),0.508,-10.686,16.76,Baseline (Day san)
529,22.042,0.434,12.655,3.31,Baseline (Day san),0.505,-10.446,16.51,No-Man's Land (Giua san)
530,22.083,0.393,12.655,2.95,Baseline (Day san),0.486,-10.17,19.65,No-Man's Land (Giua san)
531,22.125,0.352,12.655,3.43,Baseline (Day san),0.533,-9.99,17.5,No-Man's Land (Giua san)
532,22.167,0.311,12.655,3.79,Baseline (Day san),0.498,-9.753,15.13,No-Man's Land (Giua san)
533,22.208,0.263,12.655,4.02,Baseline (Day san),0.499,-9.823,11.7,No-Man's Land (Giua san)
534,22.25,0.215,12.655,4.62,Baseline (Day san),0.514,-9.723,9.34,No-Man's Land (Giua san)
535,22.292,0.16,12.655,5.33,Baseline (Day san),0.547,-9.794,6.03,No-Man's Land (Giua san)
536,22.333,0.085,12.655,6.04,Baseline (Day san),0.594,-9.78,6.27,No-Man's Land (Giua san)
537,22.375,0.003,12.655,6.87,Baseline (Day san),0.642,-9.776,4.51,No-Man's Land (Giua san)
538,22.417,-0.087,12.655,7.22,Baseline (Day san),0.722,-9.747,4.15,No-Man's Land (Giua san)
539,22.458,-0.182,12.655,7.46,Baseline (Day san),0.738,-9.747,5.52,No-Man's Land (Giua san)
540,22.5,-0.258,12.655,7.93,Baseline (Day san),0.785,-9.713,5.43,No-Man's Land (Giua san)
541,22.542,-0.347,12.655,7.57,Baseline (Day san),0.912,-9.692,5.81,No-Man's Land (Giua san)
542,22.583,-0.456,12.655,7.57,Baseline (Day san),0.944,-9.719,7.77,No-Man's Land (Giua san)
543,22.625,-0.525,12.655,7.34,Baseline (Day san),0.978,-9.821,9.51,No-Man's Land (Giua san)
544,22.667,-0.621,12.655,6.87,Baseline (Day san),1.09,-9.837,9.35,No-Man's Land (Giua san)
545,22.708,-0.683,12.655,6.16,Baseline (Day san),1.062,-9.993,10.35,No-Man's Land (Giua san)
546,22.75,-0.744,12.655,6.29,Baseline (Day san),1.08,-10.111,10.17,No-Man's Land (Giua san)
547,22.792,-0.813,12.655,6.39,Baseline (Day san),1.115,-10.205,8.68,No-Man's Land (Giua san)
548,22.833,-0.889,12.655,7.1,Baseline (Day san),1.133,-10.3,7.16,No-Man's Land (Giua san)
549,22.875,-0.991,12.655,7.69,Baseline (Day san),1.149,-10.278,6.9,No-Man's Land (Giua san)
550,22.917,-1.094,12.655,6.87,Baseline (Day san),1.15,-10.348,6.76,No-Man's Land (Giua san)
551,22.958,-1.189,12.655,7.21,Baseline (Day san),1.185,-10.447,6.36,No-Man's Land (Giua san)
552,23.0,-1.21,12.655,8.17,Baseline (Day san),1.219,-10.533,6.38,Baseline (Day san)
553,23.042,-1.306,12.655,7.83,Baseline (Day san),1.253,-10.598,5.81,Baseline (Day san)
554,23.083,-1.464,12.655,7.47,Baseline (Day san),1.27,-10.621,5.03,Baseline (Day san)
555,23.125,-1.547,12.655,8.65,Baseline (Day san),1.287,-10.654,5.22,Baseline (Day san)
556,23.167,-1.622,12.655,8.41,Baseline (Day san),1.337,-10.687,5.08,Baseline (Day san)
557,23.208,-1.711,12.655,6.88,Baseline (Day san),1.372,-10.783,5.45,Baseline (Day san)
558,23.25,-1.793,12.655,7.23,Baseline (Day san),1.406,-10.839,4.8,Baseline (Day san)
559,23.292,-1.862,12.655,7.35,Baseline (Day san),1.456,-10.846,4.15,Baseline (Day san)
560,23.333,-1.965,12.655,7.69,Baseline (Day san),1.472,-10.854,5.78,Baseline (Day san)
561,23.375,-2.047,12.655,8.05,Baseline (Day san),1.489,-10.869,5.17,Baseline (Day san)
562,23.417,-2.156,12.655,8.66,Baseline (Day san),1.511,-11.064,6.71,Baseline (Day san)
563,23.458,-2.259,12.655,9.34,Baseline (Day san),1.528,-11.09,8.77,Baseline (Day san)
564,23.5,-2.363,12.655,9.47,Baseline (Day san),1.533,-11.228,11.4,Baseline (Day san)
565,23.542,-2.506,12.655,9.12,Baseline (Day san),1.545,-11.11,13.92,Baseline (Day san)
566,23.583,-2.595,12.655,9.35,Baseline (Day san),1.567,-11.283,14.4,Baseline (Day san)
567,23.625,-2.684,12.655,9.46,Baseline (Day san),1.578,-11.626,13.42,Baseline (Day san)
568,23.667,-2.8,12.655,9.0,Baseline (Day san),1.613,-11.673,12.0,Baseline (Day san)
569,23.708,-2.91,12.655,9.48,Baseline (Day san),1.615,-11.755,9.79,Baseline (Day san)
570,23.75,-3.027,12.655,10.19,Baseline (Day san),1.616,-11.791,4.89,Baseline (Day san)
571,23.792,-3.143,12.655,10.2,Baseline (Day san),1.598,-11.748,3.89,Baseline (Day san)
572,23.833,-3.274,12.655,11.05,Baseline (Day san),1.597,-11.689,3.46,Baseline (Day san)
573,23.875,-3.39,12.655,10.94,Baseline (Day san),1.58,-11.684,2.82,Baseline (Day san)
574,23.917,-3.55,12.655,10.58,Baseline (Day san),1.582,-11.741,2.01,Baseline (Day san)
575,23.958,-3.66,12.655,10.24,Baseline (Day san),1.582,-11.754,1.51,Baseline (Day san)
576,24.0,-3.755,12.655,9.74,Baseline (Day san),1.582,-11.756,2.66,Baseline (Day san)
577,24.042,-3.866,12.655,8.28,Baseline (Day san),1.565,-11.732,5.7,Baseline (Day san)
578,24.083,-3.954,12.655,7.56,Baseline (Day san),1.55,-11.797,5.7,Baseline (Day san)
579,24.125,-4.029,12.655,7.45,Baseline (Day san),1.541,-12.03,5.7,Baseline (Day san)
580,24.167,-4.097,12.655,6.86,Baseline (Day san),1.524,-12.021,7.03,Baseline (Day san)
581,24.208,-4.187,12.655,6.91,Baseline (Day san),1.507,-12.017,8.09,Baseline (Day san)
582,24.25,-4.263,12.655,7.02,Baseline (Day san),1.493,-12.123,4.83,Baseline (Day san)
583,24.292,-4.354,12.655,7.25,Baseline (Day san),1.473,-11.996,6.81,Baseline (Day san)
584,24.333,-4.435,12.655,7.12,Baseline (Day san),1.44,-12.026,7.42,Baseline (Day san)
585,24.375,-4.517,12.655,7.11,Baseline (Day san),1.41,-12.137,6.19,Baseline (Day san)
586,24.417,-4.599,12.655,7.12,Baseline (Day san),1.377,-12.15,4.76,Baseline (Day san)
587,24.458,-4.675,12.655,6.8,Baseline (Day san),1.343,-12.161,5.31,Baseline (Day san)
588,24.5,-4.766,12.655,6.54,Baseline (Day san),1.328,-12.204,7.52,Baseline (Day san)
589,24.542,-4.828,12.655,6.1,Baseline (Day san),1.313,-12.279,7.42,Baseline (Day san)
590,24.583,-4.896,12.655,6.1,Baseline (Day san),1.268,-12.517,9.44,Baseline (Day san)
591,24.625,-4.952,12.655,5.48,Baseline (Day san),1.251,-12.494,9.2,Baseline (Day san)
592,24.667,-5.028,12.655,5.57,Baseline (Day san),1.255,-12.646,7.88,Baseline (Day san)
593,24.708,-5.083,12.655,5.48,Baseline (Day san),1.224,-12.655,3.69,Baseline (Day san)
594,24.75,-5.151,12.655,5.55,Baseline (Day san),1.223,-12.655,3.58,Baseline (Day san)
595,24.792,-5.213,12.655,5.22,Baseline (Day san),1.205,-12.655,1.58,Baseline (Day san)
596,24.833,-5.273,12.655,5.08,Baseline (Day san),1.187,-12.641,1.98,Baseline (Day san)
597,24.875,-5.33,12.655,4.7,Baseline (Day san),1.154,-12.655,2.91,Baseline (Day san)
598,24.917,-5.377,12.655,4.46,Baseline (Day san),1.102,-12.635,3.77,Baseline (Day san)
599,24.958,-5.423,12.655,4.05,Baseline (Day san),1.052,-12.655,3.97,Baseline (Day san)
600,25.0,-5.471,12.655,3.74,Baseline (Day san),1.002,-12.655,3.34,Baseline (Day san)
601,25.042,-5.507,12.655,3.53,Baseline (Day san),0.968,-12.655,3.18,Baseline (Day san)
602,25.083,-5.547,12.655,3.96,Baseline (Day san),0.951,-12.655,2.66,Baseline (Day san)
603,25.125,-5.581,12.655,3.14,Baseline (Day san),0.933,-12.613,2.9,Baseline (Day san)
604,25.167,-5.652,12.655,2.5,Baseline (Day san),0.915,-12.596,3.11,Baseline (Day san)
605,25.208,-5.667,12.655,2.33,Baseline (Day san),0.897,-12.535,3.11,Baseline (Day san)
606,25.25,-5.682,12.655,2.34,Baseline (Day san),0.881,-12.579,2.76,Baseline (Day san)
607,25.292,-5.711,12.655,1.48,Baseline (Day san),0.864,-12.586,3.57,Baseline (Day san)
608,25.333,-5.746,12.655,1.48,Baseline (Day san),0.847,-12.567,3.13,Baseline (Day san)
609,25.375,-5.767,12.655,1.97,Baseline (Day san),0.863,-12.498,2.86,Baseline (Day san)
610,25.417,-5.787,12.655,1.84,Baseline (Day san),0.864,-12.536,5.08,Baseline (Day san)
611,25.458,-5.815,12.655,1.23,Baseline (Day san),0.88,-12.51,6.15,Baseline (Day san)
612,25.5,-5.837,12.655,0.86,Baseline (Day san),0.878,-12.382,5.86,Baseline (Day san)
613,25.542,-5.847,12.655,0.86,Baseline (Day san),0.845,-12.463,6.76,Baseline (Day san)
614,25.583,-5.863,12.655,0.47,Baseline (Day san),0.828,-12.412,7.78,Baseline (Day san)
615,25.625,-5.877,12.655,0.0,Baseline (Day san),0.829,-12.503,6.69,Baseline (Day san)
